category_name,delivery_radius,links
Alcoholic Multipacks,,/menu/Kettering/kettering/chrysler-garage-ltd/?day=today&geohash=gcr6pmnt52wh&time=ASAP&category_id=171180388&source=top_level&linked_request_uuid=0dd9c374-55f7-4419-8192-6624e7af9d87
Alcoholic Multipacks,,/menu/Kettering/kettering/chrysler-garage-ltd/?day=today&geohash=gcr6pmnt52wh&time=ASAP&category_id=171180388&source=top_level&linked_request_uuid=0dd9c374-55f7-4419-8192-6624e7af9d87
Alcoholic Multipacks,,/menu/Kettering/kettering/chrysler-garage-ltd/?day=today&geohash=gcr6pmnt52wh&time=ASAP&category_id=171180388&source=top_level&linked_request_uuid=0dd9c374-55f7-4419-8192-6624e7af9d87
Alcoholic Multipacks,,/menu/Kettering/kettering/chrysler-garage-ltd/?day=today&geohash=gcr6pmnt52wh&time=ASAP&category_id=171180388&source=top_level&linked_request_uuid=0dd9c374-55f7-4419-8192-6624e7af9d87
Alcoholic Multipacks,,/menu/Kettering/kettering/chrysler-garage-ltd/?day=today&geohash=gcr6pmnt52wh&time=ASAP&category_id=171180388&source=top_level&linked_request_uuid=0dd9c374-55f7-4419-8192-6624e7af9d87
Alcoholic Multipacks,,/menu/Kettering/kettering/chrysler-garage-ltd/?day=today&geohash=gcr6pmnt52wh&time=ASAP&category_id=171180388&source=top_level&linked_request_uuid=0dd9c374-55f7-4419-8192-6624e7af9d87
Alcoholic Multipacks,,/menu/Kettering/kettering/chrysler-garage-ltd/?day=today&geohash=gcr6pmnt52wh&time=ASAP&category_id=171180388&source=top_level&linked_request_uuid=0dd9c374-55f7-4419-8192-6624e7af9d87
Alcoholic Multipacks,,/menu/Kettering/kettering/chrysler-garage-ltd/?day=today&geohash=gcr6pmnt52wh&time=ASAP&category_id=171180388&source=top_level&linked_request_uuid=0dd9c374-55f7-4419-8192-6624e7af9d87
Alcoholic Multipacks,,/menu/Kettering/kettering/chrysler-garage-ltd/?day=today&geohash=gcr6pmnt52wh&time=ASAP&category_id=171180388&source=top_level&linked_request_uuid=0dd9c374-55f7-4419-8192-6624e7af9d87
Alcoholic Multipacks,,/menu/Kettering/kettering/chrysler-garage-ltd/?day=today&geohash=gcr6pmnt52wh&time=ASAP&category_id=171180388&source=top_level&linked_request_uuid=0dd9c374-55f7-4419-8192-6624e7af9d87
Alcoholic Multipacks,,/menu/Kettering/kettering/chrysler-garage-ltd/?day=today&geohash=gcr6pmnt52wh&time=ASAP&category_id=171180388&source=top_level&linked_request_uuid=0dd9c374-55f7-4419-8192-6624e7af9d87
Alcoholic Multipacks,,/menu/Kettering/kettering/chrysler-garage-ltd/?day=today&geohash=gcr6pmnt52wh&time=ASAP&category_id=171180388&source=top_level&linked_request_uuid=0dd9c374-55f7-4419-8192-6624e7af9d87
Alcoholic Multipacks,,/menu/Kettering/kettering/chrysler-garage-ltd/?day=today&geohash=gcr6pmnt52wh&time=ASAP&category_id=171180388&source=top_level&linked_request_uuid=0dd9c374-55f7-4419-8192-6624e7af9d87
Alcoholic Multipacks,,/menu/Kettering/kettering/chrysler-garage-ltd/?day=today&geohash=gcr6pmnt52wh&time=ASAP&category_id=171180388&source=top_level&linked_request_uuid=0dd9c374-55f7-4419-8192-6624e7af9d87
Alcoholic Multipacks,,/menu/Kettering/kettering/chrysler-garage-ltd/?day=today&geohash=gcr6pmnt52wh&time=ASAP&category_id=171180388&source=top_level&linked_request_uuid=0dd9c374-55f7-4419-8192-6624e7af9d87
Alcoholic Multipacks,,/menu/Kettering/kettering/chrysler-garage-ltd/?day=today&geohash=gcr6pmnt52wh&time=ASAP&category_id=171180388&source=top_level&linked_request_uuid=0dd9c374-55f7-4419-8192-6624e7af9d87
Alcoholic Multipacks,,/menu/Kettering/kettering/chrysler-garage-ltd/?day=today&geohash=gcr6pmnt52wh&time=ASAP&category_id=171180388&source=top_level&linked_request_uuid=0dd9c374-55f7-4419-8192-6624e7af9d87
Alcoholic Multipacks,,/menu/Kettering/kettering/chrysler-garage-ltd/?day=today&geohash=gcr6pmnt52wh&time=ASAP&category_id=171180388&source=top_level&linked_request_uuid=0dd9c374-55f7-4419-8192-6624e7af9d87
Alcoholic Multipacks,,/menu/Kettering/kettering/chrysler-garage-ltd/?day=today&geohash=gcr6pmnt52wh&time=ASAP&category_id=171180388&source=top_level&linked_request_uuid=0dd9c374-55f7-4419-8192-6624e7af9d87
Alcoholic Multipacks,,/menu/Kettering/kettering/chrysler-garage-ltd/?day=today&geohash=gcr6pmnt52wh&time=ASAP&category_id=171180388&source=top_level&linked_request_uuid=0dd9c374-55f7-4419-8192-6624e7af9d87
Alcoholic Multipacks,,/menu/Kettering/kettering/chrysler-garage-ltd/?day=today&geohash=gcr6pmnt52wh&time=ASAP&category_id=171180388&source=top_level&linked_request_uuid=0dd9c374-55f7-4419-8192-6624e7af9d87
Alcoholic Multipacks,,/menu/Kettering/kettering/chrysler-garage-ltd/?day=today&geohash=gcr6pmnt52wh&time=ASAP&category_id=171180388&source=top_level&linked_request_uuid=0dd9c374-55f7-4419-8192-6624e7af9d87
Alcoholic Multipacks,,/menu/Kettering/kettering/chrysler-garage-ltd/?day=today&geohash=gcr6pmnt52wh&time=ASAP&category_id=171180388&source=top_level&linked_request_uuid=0dd9c374-55f7-4419-8192-6624e7af9d87
Alcoholic Multipacks,,/menu/Kettering/kettering/chrysler-garage-ltd/?day=today&geohash=gcr6pmnt52wh&time=ASAP&category_id=171180388&source=top_level&linked_request_uuid=0dd9c374-55f7-4419-8192-6624e7af9d87
Alcoholic Multipacks,,/menu/Kettering/kettering/chrysler-garage-ltd/?day=today&geohash=gcr6pmnt52wh&time=ASAP&category_id=171180388&source=top_level&linked_request_uuid=0dd9c374-55f7-4419-8192-6624e7af9d87
Alcoholic Multipacks,,/menu/Kettering/kettering/chrysler-garage-ltd/?day=today&geohash=gcr6pmnt52wh&time=ASAP&category_id=171180388&source=top_level&linked_request_uuid=0dd9c374-55f7-4419-8192-6624e7af9d87
Alcoholic Multipacks,,/menu/Kettering/kettering/chrysler-garage-ltd/?day=today&geohash=gcr6pmnt52wh&time=ASAP&category_id=171180388&source=top_level&linked_request_uuid=0dd9c374-55f7-4419-8192-6624e7af9d87
Alcoholic Multipacks,,/menu/Kettering/kettering/chrysler-garage-ltd/?day=today&geohash=gcr6pmnt52wh&time=ASAP&category_id=171180388&source=top_level&linked_request_uuid=0dd9c374-55f7-4419-8192-6624e7af9d87
Alcoholic Multipacks,,/menu/Kettering/kettering/chrysler-garage-ltd/?day=today&geohash=gcr6pmnt52wh&time=ASAP&category_id=171180388&source=top_level&linked_request_uuid=0dd9c374-55f7-4419-8192-6624e7af9d87
Alcoholic Multipacks,,/menu/Kettering/kettering/chrysler-garage-ltd/?day=today&geohash=gcr6pmnt52wh&time=ASAP&category_id=171180388&source=top_level&linked_request_uuid=0dd9c374-55f7-4419-8192-6624e7af9d87
Alcoholic Multipacks,,/menu/Kettering/kettering/chrysler-garage-ltd/?day=today&geohash=gcr6pmnt52wh&time=ASAP&category_id=171180388&source=top_level&linked_request_uuid=0dd9c374-55f7-4419-8192-6624e7af9d87
BACK TO SCHOOL,0.20 miles away,/menu/Kettering/brambleside/central-england-co-op-kettering-hallwood-road/?day=today&geohash=gcr6pmnt52wh&time=ASAP&category_id=204450213&source=top_level&linked_request_uuid=c9952765-0b59-4113-8ca3-9873b170fc3c
BACK TO SCHOOL,0.20 miles away,/menu/Kettering/brambleside/central-england-co-op-kettering-hallwood-road/?day=today&geohash=gcr6pmnt52wh&time=ASAP&category_id=204450213&source=top_level&linked_request_uuid=c9952765-0b59-4113-8ca3-9873b170fc3c
BACK TO SCHOOL,0.20 miles away,/menu/Kettering/brambleside/central-england-co-op-kettering-hallwood-road/?day=today&geohash=gcr6pmnt52wh&time=ASAP&category_id=204450213&source=top_level&linked_request_uuid=c9952765-0b59-4113-8ca3-9873b170fc3c
BACK TO SCHOOL,0.20 miles away,/menu/Kettering/brambleside/central-england-co-op-kettering-hallwood-road/?day=today&geohash=gcr6pmnt52wh&time=ASAP&category_id=204450213&source=top_level&linked_request_uuid=c9952765-0b59-4113-8ca3-9873b170fc3c
BACK TO SCHOOL,0.20 miles away,/menu/Kettering/brambleside/central-england-co-op-kettering-hallwood-road/?day=today&geohash=gcr6pmnt52wh&time=ASAP&category_id=204450213&source=top_level&linked_request_uuid=c9952765-0b59-4113-8ca3-9873b170fc3c
BACK TO SCHOOL,0.20 miles away,/menu/Kettering/brambleside/central-england-co-op-kettering-hallwood-road/?day=today&geohash=gcr6pmnt52wh&time=ASAP&category_id=204450213&source=top_level&linked_request_uuid=c9952765-0b59-4113-8ca3-9873b170fc3c
BACK TO SCHOOL,0.20 miles away,/menu/Kettering/brambleside/central-england-co-op-kettering-hallwood-road/?day=today&geohash=gcr6pmnt52wh&time=ASAP&category_id=204450213&source=top_level&linked_request_uuid=c9952765-0b59-4113-8ca3-9873b170fc3c
Pay In-Store Prices,,/menu/Kettering/kettering/4436-asda-kettering/?day=today&geohash=gcr6pmnt52wh&time=ASAP&category_id=210752924&source=top_level&linked_request_uuid=5b748d51-0899-46fb-b7f2-6826185dc270
BACK TO SCHOOL,0.20 miles away,/menu/Kettering/brambleside/central-england-co-op-kettering-hallwood-road/?day=today&geohash=gcr6pmnt52wh&time=ASAP&category_id=204450213&source=top_level&linked_request_uuid=c9952765-0b59-4113-8ca3-9873b170fc3c
BACK TO SCHOOL,0.20 miles away,/menu/Kettering/brambleside/central-england-co-op-kettering-hallwood-road/?day=today&geohash=gcr6pmnt52wh&time=ASAP&category_id=204450213&source=top_level&linked_request_uuid=c9952765-0b59-4113-8ca3-9873b170fc3c
BACK TO SCHOOL,0.20 miles away,/menu/Kettering/brambleside/central-england-co-op-kettering-hallwood-road/?day=today&geohash=gcr6pmnt52wh&time=ASAP&category_id=204450213&source=top_level&linked_request_uuid=c9952765-0b59-4113-8ca3-9873b170fc3c
BACK TO SCHOOL,0.20 miles away,/menu/Kettering/brambleside/central-england-co-op-kettering-hallwood-road/?day=today&geohash=gcr6pmnt52wh&time=ASAP&category_id=204450213&source=top_level&linked_request_uuid=c9952765-0b59-4113-8ca3-9873b170fc3c
BACK TO SCHOOL,0.20 miles away,/menu/Kettering/brambleside/central-england-co-op-kettering-hallwood-road/?day=today&geohash=gcr6pmnt52wh&time=ASAP&category_id=204450213&source=top_level&linked_request_uuid=c9952765-0b59-4113-8ca3-9873b170fc3c
BACK TO SCHOOL,0.20 miles away,/menu/Kettering/brambleside/central-england-co-op-kettering-hallwood-road/?day=today&geohash=gcr6pmnt52wh&time=ASAP&category_id=204450213&source=top_level&linked_request_uuid=c9952765-0b59-4113-8ca3-9873b170fc3c
Pay In-Store Prices,,/menu/Kettering/kettering/4436-asda-kettering/?day=today&geohash=gcr6pmnt52wh&time=ASAP&category_id=210752924&source=top_level&linked_request_uuid=5b748d51-0899-46fb-b7f2-6826185dc270
Pay In-Store Prices,,/menu/Kettering/kettering/4436-asda-kettering/?day=today&geohash=gcr6pmnt52wh&time=ASAP&category_id=210752924&source=top_level&linked_request_uuid=5b748d51-0899-46fb-b7f2-6826185dc270
Pay In-Store Prices,,/menu/Kettering/kettering/4436-asda-kettering/?day=today&geohash=gcr6pmnt52wh&time=ASAP&category_id=210752924&source=top_level&linked_request_uuid=5b748d51-0899-46fb-b7f2-6826185dc270
Pay In-Store Prices,,/menu/Kettering/kettering/4436-asda-kettering/?day=today&geohash=gcr6pmnt52wh&time=ASAP&category_id=210752924&source=top_level&linked_request_uuid=5b748d51-0899-46fb-b7f2-6826185dc270
Pay In-Store Prices,,/menu/Kettering/kettering/4436-asda-kettering/?day=today&geohash=gcr6pmnt52wh&time=ASAP&category_id=210752924&source=top_level&linked_request_uuid=5b748d51-0899-46fb-b7f2-6826185dc270
BACK TO SCHOOL,0.20 miles away,/menu/Kettering/brambleside/central-england-co-op-kettering-hallwood-road/?day=today&geohash=gcr6pmnt52wh&time=ASAP&category_id=204450213&source=top_level&linked_request_uuid=c9952765-0b59-4113-8ca3-9873b170fc3c
BACK TO SCHOOL,0.20 miles away,/menu/Kettering/brambleside/central-england-co-op-kettering-hallwood-road/?day=today&geohash=gcr6pmnt52wh&time=ASAP&category_id=204450213&source=top_level&linked_request_uuid=c9952765-0b59-4113-8ca3-9873b170fc3c
BACK TO SCHOOL,0.20 miles away,/menu/Kettering/brambleside/central-england-co-op-kettering-hallwood-road/?day=today&geohash=gcr6pmnt52wh&time=ASAP&category_id=204450213&source=top_level&linked_request_uuid=c9952765-0b59-4113-8ca3-9873b170fc3c
BACK TO SCHOOL,0.20 miles away,/menu/Kettering/brambleside/central-england-co-op-kettering-hallwood-road/?day=today&geohash=gcr6pmnt52wh&time=ASAP&category_id=204450213&source=top_level&linked_request_uuid=c9952765-0b59-4113-8ca3-9873b170fc3c
Pay In-Store Prices,,/menu/Kettering/kettering/4436-asda-kettering/?day=today&geohash=gcr6pmnt52wh&time=ASAP&category_id=210752924&source=top_level&linked_request_uuid=5b748d51-0899-46fb-b7f2-6826185dc270
Pay In-Store Prices,,/menu/Kettering/kettering/4436-asda-kettering/?day=today&geohash=gcr6pmnt52wh&time=ASAP&category_id=210752924&source=top_level&linked_request_uuid=5b748d51-0899-46fb-b7f2-6826185dc270
Pay In-Store Prices,,/menu/Kettering/kettering/4436-asda-kettering/?day=today&geohash=gcr6pmnt52wh&time=ASAP&category_id=210752924&source=top_level&linked_request_uuid=5b748d51-0899-46fb-b7f2-6826185dc270
Pay In-Store Prices,,/menu/Kettering/kettering/4436-asda-kettering/?day=today&geohash=gcr6pmnt52wh&time=ASAP&category_id=210752924&source=top_level&linked_request_uuid=5b748d51-0899-46fb-b7f2-6826185dc270
Pay In-Store Prices,,/menu/Kettering/kettering/4436-asda-kettering/?day=today&geohash=gcr6pmnt52wh&time=ASAP&category_id=210752924&source=top_level&linked_request_uuid=5b748d51-0899-46fb-b7f2-6826185dc270
BACK TO SCHOOL,0.20 miles away,/menu/Kettering/brambleside/central-england-co-op-kettering-hallwood-road/?day=today&geohash=gcr6pmnt52wh&time=ASAP&category_id=204450213&source=top_level&linked_request_uuid=c9952765-0b59-4113-8ca3-9873b170fc3c
BACK TO SCHOOL,0.20 miles away,/menu/Kettering/brambleside/central-england-co-op-kettering-hallwood-road/?day=today&geohash=gcr6pmnt52wh&time=ASAP&category_id=204450213&source=top_level&linked_request_uuid=c9952765-0b59-4113-8ca3-9873b170fc3c
BACK TO SCHOOL,0.20 miles away,/menu/Kettering/brambleside/central-england-co-op-kettering-hallwood-road/?day=today&geohash=gcr6pmnt52wh&time=ASAP&category_id=204450213&source=top_level&linked_request_uuid=c9952765-0b59-4113-8ca3-9873b170fc3c
BACK TO SCHOOL,0.20 miles away,/menu/Kettering/brambleside/central-england-co-op-kettering-hallwood-road/?day=today&geohash=gcr6pmnt52wh&time=ASAP&category_id=204450213&source=top_level&linked_request_uuid=c9952765-0b59-4113-8ca3-9873b170fc3c
BACK TO SCHOOL,0.20 miles away,/menu/Kettering/brambleside/central-england-co-op-kettering-hallwood-road/?day=today&geohash=gcr6pmnt52wh&time=ASAP&category_id=204450213&source=top_level&linked_request_uuid=c9952765-0b59-4113-8ca3-9873b170fc3c
BACK TO SCHOOL,0.20 miles away,/menu/Kettering/brambleside/central-england-co-op-kettering-hallwood-road/?day=today&geohash=gcr6pmnt52wh&time=ASAP&category_id=204450213&source=top_level&linked_request_uuid=c9952765-0b59-4113-8ca3-9873b170fc3c
Pay In-Store Prices,,/menu/Kettering/kettering/4436-asda-kettering/?day=today&geohash=gcr6pmnt52wh&time=ASAP&category_id=210752924&source=top_level&linked_request_uuid=5b748d51-0899-46fb-b7f2-6826185dc270
Pay In-Store Prices,,/menu/Kettering/kettering/4436-asda-kettering/?day=today&geohash=gcr6pmnt52wh&time=ASAP&category_id=210752924&source=top_level&linked_request_uuid=5b748d51-0899-46fb-b7f2-6826185dc270
Pay In-Store Prices,,/menu/Kettering/kettering/4436-asda-kettering/?day=today&geohash=gcr6pmnt52wh&time=ASAP&category_id=210752924&source=top_level&linked_request_uuid=5b748d51-0899-46fb-b7f2-6826185dc270
Pay In-Store Prices,,/menu/Kettering/kettering/4436-asda-kettering/?day=today&geohash=gcr6pmnt52wh&time=ASAP&category_id=210752924&source=top_level&linked_request_uuid=5b748d51-0899-46fb-b7f2-6826185dc270
BACK TO SCHOOL,0.20 miles away,/menu/Kettering/brambleside/central-england-co-op-kettering-hallwood-road/?day=today&geohash=gcr6pmnt52wh&time=ASAP&category_id=204450213&source=top_level&linked_request_uuid=c9952765-0b59-4113-8ca3-9873b170fc3c
BACK TO SCHOOL,0.20 miles away,/menu/Kettering/brambleside/central-england-co-op-kettering-hallwood-road/?day=today&geohash=gcr6pmnt52wh&time=ASAP&category_id=204450213&source=top_level&linked_request_uuid=c9952765-0b59-4113-8ca3-9873b170fc3c
BACK TO SCHOOL,0.20 miles away,/menu/Kettering/brambleside/central-england-co-op-kettering-hallwood-road/?day=today&geohash=gcr6pmnt52wh&time=ASAP&category_id=204450213&source=top_level&linked_request_uuid=c9952765-0b59-4113-8ca3-9873b170fc3c
BACK TO SCHOOL,0.20 miles away,/menu/Kettering/brambleside/central-england-co-op-kettering-hallwood-road/?day=today&geohash=gcr6pmnt52wh&time=ASAP&category_id=204450213&source=top_level&linked_request_uuid=c9952765-0b59-4113-8ca3-9873b170fc3c
BACK TO SCHOOL,0.20 miles away,/menu/Kettering/brambleside/central-england-co-op-kettering-hallwood-road/?day=today&geohash=gcr6pmnt52wh&time=ASAP&category_id=204450213&source=top_level&linked_request_uuid=c9952765-0b59-4113-8ca3-9873b170fc3c
BACK TO SCHOOL,0.20 miles away,/menu/Kettering/brambleside/central-england-co-op-kettering-hallwood-road/?day=today&geohash=gcr6pmnt52wh&time=ASAP&category_id=204450213&source=top_level&linked_request_uuid=c9952765-0b59-4113-8ca3-9873b170fc3c
Pay In-Store Prices,,/menu/Kettering/kettering/4436-asda-kettering/?day=today&geohash=gcr6pmnt52wh&time=ASAP&category_id=210752924&source=top_level&linked_request_uuid=5b748d51-0899-46fb-b7f2-6826185dc270
Pay In-Store Prices,,/menu/Kettering/kettering/4436-asda-kettering/?day=today&geohash=gcr6pmnt52wh&time=ASAP&category_id=210752924&source=top_level&linked_request_uuid=5b748d51-0899-46fb-b7f2-6826185dc270
Pay In-Store Prices,,/menu/Kettering/kettering/4436-asda-kettering/?day=today&geohash=gcr6pmnt52wh&time=ASAP&category_id=210752924&source=top_level&linked_request_uuid=5b748d51-0899-46fb-b7f2-6826185dc270
Pay In-Store Prices,,/menu/Kettering/kettering/4436-asda-kettering/?day=today&geohash=gcr6pmnt52wh&time=ASAP&category_id=210752924&source=top_level&linked_request_uuid=5b748d51-0899-46fb-b7f2-6826185dc270
Pay In-Store Prices,,/menu/Kettering/kettering/4436-asda-kettering/?day=today&geohash=gcr6pmnt52wh&time=ASAP&category_id=210752924&source=top_level&linked_request_uuid=5b748d51-0899-46fb-b7f2-6826185dc270
BACK TO SCHOOL,0.20 miles away,/menu/Kettering/brambleside/central-england-co-op-kettering-hallwood-road/?day=today&geohash=gcr6pmnt52wh&time=ASAP&category_id=204450213&source=top_level&linked_request_uuid=c9952765-0b59-4113-8ca3-9873b170fc3c
BACK TO SCHOOL,0.20 miles away,/menu/Kettering/brambleside/central-england-co-op-kettering-hallwood-road/?day=today&geohash=gcr6pmnt52wh&time=ASAP&category_id=204450213&source=top_level&linked_request_uuid=c9952765-0b59-4113-8ca3-9873b170fc3c
BACK TO SCHOOL,0.20 miles away,/menu/Kettering/brambleside/central-england-co-op-kettering-hallwood-road/?day=today&geohash=gcr6pmnt52wh&time=ASAP&category_id=204450213&source=top_level&linked_request_uuid=c9952765-0b59-4113-8ca3-9873b170fc3c
BACK TO SCHOOL,0.20 miles away,/menu/Kettering/brambleside/central-england-co-op-kettering-hallwood-road/?day=today&geohash=gcr6pmnt52wh&time=ASAP&category_id=204450213&source=top_level&linked_request_uuid=c9952765-0b59-4113-8ca3-9873b170fc3c
BACK TO SCHOOL,0.20 miles away,/menu/Kettering/brambleside/central-england-co-op-kettering-hallwood-road/?day=today&geohash=gcr6pmnt52wh&time=ASAP&category_id=204450213&source=top_level&linked_request_uuid=c9952765-0b59-4113-8ca3-9873b170fc3c
Pay In-Store Prices,,/menu/Kettering/kettering/4436-asda-kettering/?day=today&geohash=gcr6pmnt52wh&time=ASAP&category_id=210752924&source=top_level&linked_request_uuid=5b748d51-0899-46fb-b7f2-6826185dc270
Pay In-Store Prices,,/menu/Kettering/kettering/4436-asda-kettering/?day=today&geohash=gcr6pmnt52wh&time=ASAP&category_id=210752924&source=top_level&linked_request_uuid=5b748d51-0899-46fb-b7f2-6826185dc270
Pay In-Store Prices,,/menu/Kettering/kettering/4436-asda-kettering/?day=today&geohash=gcr6pmnt52wh&time=ASAP&category_id=210752924&source=top_level&linked_request_uuid=5b748d51-0899-46fb-b7f2-6826185dc270
Pay In-Store Prices,,/menu/Kettering/kettering/4436-asda-kettering/?day=today&geohash=gcr6pmnt52wh&time=ASAP&category_id=210752924&source=top_level&linked_request_uuid=5b748d51-0899-46fb-b7f2-6826185dc270
Pay In-Store Prices,,/menu/Kettering/kettering/4436-asda-kettering/?day=today&geohash=gcr6pmnt52wh&time=ASAP&category_id=210752924&source=top_level&linked_request_uuid=5b748d51-0899-46fb-b7f2-6826185dc270
BACK TO SCHOOL,0.20 miles away,/menu/Kettering/brambleside/central-england-co-op-kettering-hallwood-road/?day=today&geohash=gcr6pmnt52wh&time=ASAP&category_id=204450213&source=top_level&linked_request_uuid=c9952765-0b59-4113-8ca3-9873b170fc3c
BACK TO SCHOOL,0.20 miles away,/menu/Kettering/brambleside/central-england-co-op-kettering-hallwood-road/?day=today&geohash=gcr6pmnt52wh&time=ASAP&category_id=204450213&source=top_level&linked_request_uuid=c9952765-0b59-4113-8ca3-9873b170fc3c
BACK TO SCHOOL,0.20 miles away,/menu/Kettering/brambleside/central-england-co-op-kettering-hallwood-road/?day=today&geohash=gcr6pmnt52wh&time=ASAP&category_id=204450213&source=top_level&linked_request_uuid=c9952765-0b59-4113-8ca3-9873b170fc3c
BACK TO SCHOOL,0.20 miles away,/menu/Kettering/brambleside/central-england-co-op-kettering-hallwood-road/?day=today&geohash=gcr6pmnt52wh&time=ASAP&category_id=204450213&source=top_level&linked_request_uuid=c9952765-0b59-4113-8ca3-9873b170fc3c
BACK TO SCHOOL,0.20 miles away,/menu/Kettering/brambleside/central-england-co-op-kettering-hallwood-road/?day=today&geohash=gcr6pmnt52wh&time=ASAP&category_id=204450213&source=top_level&linked_request_uuid=c9952765-0b59-4113-8ca3-9873b170fc3c
BACK TO SCHOOL,0.20 miles away,/menu/Kettering/brambleside/central-england-co-op-kettering-hallwood-road/?day=today&geohash=gcr6pmnt52wh&time=ASAP&category_id=204450213&source=top_level&linked_request_uuid=c9952765-0b59-4113-8ca3-9873b170fc3c
Pay In-Store Prices,,/menu/Kettering/kettering/4436-asda-kettering/?day=today&geohash=gcr6pmnt52wh&time=ASAP&category_id=210752924&source=top_level&linked_request_uuid=5b748d51-0899-46fb-b7f2-6826185dc270
Pay In-Store Prices,,/menu/Kettering/kettering/4436-asda-kettering/?day=today&geohash=gcr6pmnt52wh&time=ASAP&category_id=210752924&source=top_level&linked_request_uuid=5b748d51-0899-46fb-b7f2-6826185dc270
Pay In-Store Prices,,/menu/Kettering/kettering/4436-asda-kettering/?day=today&geohash=gcr6pmnt52wh&time=ASAP&category_id=210752924&source=top_level&linked_request_uuid=5b748d51-0899-46fb-b7f2-6826185dc270
Pay In-Store Prices,,/menu/Kettering/kettering/4436-asda-kettering/?day=today&geohash=gcr6pmnt52wh&time=ASAP&category_id=210752924&source=top_level&linked_request_uuid=5b748d51-0899-46fb-b7f2-6826185dc270
Pay In-Store Prices,,/menu/Kettering/kettering/4436-asda-kettering/?day=today&geohash=gcr6pmnt52wh&time=ASAP&category_id=210752924&source=top_level&linked_request_uuid=5b748d51-0899-46fb-b7f2-6826185dc270
BACK TO SCHOOL,0.20 miles away,/menu/Kettering/brambleside/central-england-co-op-kettering-hallwood-road/?day=today&geohash=gcr6pmnt52wh&time=ASAP&category_id=204450213&source=top_level&linked_request_uuid=c9952765-0b59-4113-8ca3-9873b170fc3c
BACK TO SCHOOL,0.20 miles away,/menu/Kettering/brambleside/central-england-co-op-kettering-hallwood-road/?day=today&geohash=gcr6pmnt52wh&time=ASAP&category_id=204450213&source=top_level&linked_request_uuid=c9952765-0b59-4113-8ca3-9873b170fc3c
BACK TO SCHOOL,0.20 miles away,/menu/Kettering/brambleside/central-england-co-op-kettering-hallwood-road/?day=today&geohash=gcr6pmnt52wh&time=ASAP&category_id=204450213&source=top_level&linked_request_uuid=c9952765-0b59-4113-8ca3-9873b170fc3c
BACK TO SCHOOL,0.20 miles away,/menu/Kettering/brambleside/central-england-co-op-kettering-hallwood-road/?day=today&geohash=gcr6pmnt52wh&time=ASAP&category_id=204450213&source=top_level&linked_request_uuid=c9952765-0b59-4113-8ca3-9873b170fc3c
BACK TO SCHOOL,0.20 miles away,/menu/Kettering/brambleside/central-england-co-op-kettering-hallwood-road/?day=today&geohash=gcr6pmnt52wh&time=ASAP&category_id=204450213&source=top_level&linked_request_uuid=c9952765-0b59-4113-8ca3-9873b170fc3c
BACK TO SCHOOL,0.20 miles away,/menu/Kettering/brambleside/central-england-co-op-kettering-hallwood-road/?day=today&geohash=gcr6pmnt52wh&time=ASAP&category_id=204450213&source=top_level&linked_request_uuid=c9952765-0b59-4113-8ca3-9873b170fc3c
Pay In-Store Prices,,/menu/Kettering/kettering/4436-asda-kettering/?day=today&geohash=gcr6pmnt52wh&time=ASAP&category_id=210752924&source=top_level&linked_request_uuid=5b748d51-0899-46fb-b7f2-6826185dc270
Pay In-Store Prices,,/menu/Kettering/kettering/4436-asda-kettering/?day=today&geohash=gcr6pmnt52wh&time=ASAP&category_id=210752924&source=top_level&linked_request_uuid=5b748d51-0899-46fb-b7f2-6826185dc270
Pay In-Store Prices,,/menu/Kettering/kettering/4436-asda-kettering/?day=today&geohash=gcr6pmnt52wh&time=ASAP&category_id=210752924&source=top_level&linked_request_uuid=5b748d51-0899-46fb-b7f2-6826185dc270
Pay In-Store Prices,,/menu/Kettering/kettering/4436-asda-kettering/?day=today&geohash=gcr6pmnt52wh&time=ASAP&category_id=210752924&source=top_level&linked_request_uuid=5b748d51-0899-46fb-b7f2-6826185dc270
Pay In-Store Prices,,/menu/Kettering/kettering/4436-asda-kettering/?day=today&geohash=gcr6pmnt52wh&time=ASAP&category_id=210752924&source=top_level&linked_request_uuid=5b748d51-0899-46fb-b7f2-6826185dc270
BACK TO SCHOOL,0.20 miles away,/menu/Kettering/brambleside/central-england-co-op-kettering-hallwood-road/?day=today&geohash=gcr6pmnt52wh&time=ASAP&category_id=204450213&source=top_level&linked_request_uuid=c9952765-0b59-4113-8ca3-9873b170fc3c
Pay In-Store Prices,,/menu/Kettering/kettering/4436-asda-kettering/?day=today&geohash=gcr6pmnt52wh&time=ASAP&category_id=210752924&source=top_level&linked_request_uuid=5b748d51-0899-46fb-b7f2-6826185dc270
Pay In-Store Prices,,/menu/Kettering/kettering/4436-asda-kettering/?day=today&geohash=gcr6pmnt52wh&time=ASAP&category_id=210752924&source=top_level&linked_request_uuid=5b748d51-0899-46fb-b7f2-6826185dc270
Pay In-Store Prices,,/menu/Kettering/kettering/4436-asda-kettering/?day=today&geohash=gcr6pmnt52wh&time=ASAP&category_id=210752924&source=top_level&linked_request_uuid=5b748d51-0899-46fb-b7f2-6826185dc270
Pay In-Store Prices,,/menu/Kettering/kettering/4436-asda-kettering/?day=today&geohash=gcr6pmnt52wh&time=ASAP&category_id=210752924&source=top_level&linked_request_uuid=5b748d51-0899-46fb-b7f2-6826185dc270
Pay In-Store Prices,,/menu/Kettering/kettering/4436-asda-kettering/?day=today&geohash=gcr6pmnt52wh&time=ASAP&category_id=210752924&source=top_level&linked_request_uuid=5b748d51-0899-46fb-b7f2-6826185dc270
Pay In-Store Prices,,/menu/Kettering/kettering/4436-asda-kettering/?day=today&geohash=gcr6pmnt52wh&time=ASAP&category_id=210752924&source=top_level&linked_request_uuid=5b748d51-0899-46fb-b7f2-6826185dc270
Pay In-Store Prices,,/menu/Kettering/kettering/4436-asda-kettering/?day=today&geohash=gcr6pmnt52wh&time=ASAP&category_id=210752924&source=top_level&linked_request_uuid=5b748d51-0899-46fb-b7f2-6826185dc270
Pay In-Store Prices,,/menu/Kettering/kettering/4436-asda-kettering/?day=today&geohash=gcr6pmnt52wh&time=ASAP&category_id=210752924&source=top_level&linked_request_uuid=5b748d51-0899-46fb-b7f2-6826185dc270
Pay In-Store Prices,,/menu/Kettering/kettering/4436-asda-kettering/?day=today&geohash=gcr6pmnt52wh&time=ASAP&category_id=210752924&source=top_level&linked_request_uuid=5b748d51-0899-46fb-b7f2-6826185dc270
Star Offers,,/menu/Kettering/brambleside/one-stop-brambleside/?day=today&geohash=gcr6pmnt52wh&time=ASAP&category_id=210905231&source=top_level&linked_request_uuid=be0a2c0a-f65c-491e-b6d7-86dd1036eb8e
Star Offers,,/menu/Kettering/brambleside/one-stop-brambleside/?day=today&geohash=gcr6pmnt52wh&time=ASAP&category_id=210905231&source=top_level&linked_request_uuid=be0a2c0a-f65c-491e-b6d7-86dd1036eb8e
Pay In-Store Prices,,/menu/Kettering/kettering/4436-asda-kettering/?day=today&geohash=gcr6pmnt52wh&time=ASAP&category_id=210752924&source=top_level&linked_request_uuid=5b748d51-0899-46fb-b7f2-6826185dc270
Pay In-Store Prices,,/menu/Kettering/kettering/4436-asda-kettering/?day=today&geohash=gcr6pmnt52wh&time=ASAP&category_id=210752924&source=top_level&linked_request_uuid=5b748d51-0899-46fb-b7f2-6826185dc270
Pay In-Store Prices,,/menu/Kettering/kettering/4436-asda-kettering/?day=today&geohash=gcr6pmnt52wh&time=ASAP&category_id=210752924&source=top_level&linked_request_uuid=5b748d51-0899-46fb-b7f2-6826185dc270
Pay In-Store Prices,,/menu/Kettering/kettering/4436-asda-kettering/?day=today&geohash=gcr6pmnt52wh&time=ASAP&category_id=210752924&source=top_level&linked_request_uuid=5b748d51-0899-46fb-b7f2-6826185dc270
Pay In-Store Prices,,/menu/Kettering/kettering/4436-asda-kettering/?day=today&geohash=gcr6pmnt52wh&time=ASAP&category_id=210752924&source=top_level&linked_request_uuid=5b748d51-0899-46fb-b7f2-6826185dc270
Star Offers,,/menu/Kettering/brambleside/one-stop-brambleside/?day=today&geohash=gcr6pmnt52wh&time=ASAP&category_id=210905231&source=top_level&linked_request_uuid=be0a2c0a-f65c-491e-b6d7-86dd1036eb8e
Star Offers,,/menu/Kettering/brambleside/one-stop-brambleside/?day=today&geohash=gcr6pmnt52wh&time=ASAP&category_id=210905231&source=top_level&linked_request_uuid=be0a2c0a-f65c-491e-b6d7-86dd1036eb8e
Star Offers,,/menu/Kettering/brambleside/one-stop-brambleside/?day=today&geohash=gcr6pmnt52wh&time=ASAP&category_id=210905231&source=top_level&linked_request_uuid=be0a2c0a-f65c-491e-b6d7-86dd1036eb8e
Star Offers,,/menu/Kettering/brambleside/one-stop-brambleside/?day=today&geohash=gcr6pmnt52wh&time=ASAP&category_id=210905231&source=top_level&linked_request_uuid=be0a2c0a-f65c-491e-b6d7-86dd1036eb8e
Star Offers,,/menu/Kettering/brambleside/one-stop-brambleside/?day=today&geohash=gcr6pmnt52wh&time=ASAP&category_id=210905231&source=top_level&linked_request_uuid=be0a2c0a-f65c-491e-b6d7-86dd1036eb8e
Star Offers,,/menu/Kettering/brambleside/one-stop-brambleside/?day=today&geohash=gcr6pmnt52wh&time=ASAP&category_id=210905231&source=top_level&linked_request_uuid=be0a2c0a-f65c-491e-b6d7-86dd1036eb8e
Pay In-Store Prices,,/menu/Kettering/kettering/4436-asda-kettering/?day=today&geohash=gcr6pmnt52wh&time=ASAP&category_id=210752924&source=top_level&linked_request_uuid=5b748d51-0899-46fb-b7f2-6826185dc270
Pay In-Store Prices,,/menu/Kettering/kettering/4436-asda-kettering/?day=today&geohash=gcr6pmnt52wh&time=ASAP&category_id=210752924&source=top_level&linked_request_uuid=5b748d51-0899-46fb-b7f2-6826185dc270
Pay In-Store Prices,,/menu/Kettering/kettering/4436-asda-kettering/?day=today&geohash=gcr6pmnt52wh&time=ASAP&category_id=210752924&source=top_level&linked_request_uuid=5b748d51-0899-46fb-b7f2-6826185dc270
Pay In-Store Prices,,/menu/Kettering/kettering/4436-asda-kettering/?day=today&geohash=gcr6pmnt52wh&time=ASAP&category_id=210752924&source=top_level&linked_request_uuid=5b748d51-0899-46fb-b7f2-6826185dc270
Pay In-Store Prices,,/menu/Kettering/kettering/4436-asda-kettering/?day=today&geohash=gcr6pmnt52wh&time=ASAP&category_id=210752924&source=top_level&linked_request_uuid=5b748d51-0899-46fb-b7f2-6826185dc270
Pay In-Store Prices,,/menu/Kettering/kettering/4436-asda-kettering/?day=today&geohash=gcr6pmnt52wh&time=ASAP&category_id=210752924&source=top_level&linked_request_uuid=5b748d51-0899-46fb-b7f2-6826185dc270
Star Offers,,/menu/Kettering/brambleside/one-stop-brambleside/?day=today&geohash=gcr6pmnt52wh&time=ASAP&category_id=210905231&source=top_level&linked_request_uuid=be0a2c0a-f65c-491e-b6d7-86dd1036eb8e
Star Offers,,/menu/Kettering/brambleside/one-stop-brambleside/?day=today&geohash=gcr6pmnt52wh&time=ASAP&category_id=210905231&source=top_level&linked_request_uuid=be0a2c0a-f65c-491e-b6d7-86dd1036eb8e
Star Offers,,/menu/Kettering/brambleside/one-stop-brambleside/?day=today&geohash=gcr6pmnt52wh&time=ASAP&category_id=210905231&source=top_level&linked_request_uuid=be0a2c0a-f65c-491e-b6d7-86dd1036eb8e
Star Offers,,/menu/Kettering/brambleside/one-stop-brambleside/?day=today&geohash=gcr6pmnt52wh&time=ASAP&category_id=210905231&source=top_level&linked_request_uuid=be0a2c0a-f65c-491e-b6d7-86dd1036eb8e
Star Offers,,/menu/Kettering/brambleside/one-stop-brambleside/?day=today&geohash=gcr6pmnt52wh&time=ASAP&category_id=210905231&source=top_level&linked_request_uuid=be0a2c0a-f65c-491e-b6d7-86dd1036eb8e
Pay In-Store Prices,,/menu/Kettering/kettering/4436-asda-kettering/?day=today&geohash=gcr6pmnt52wh&time=ASAP&category_id=210752924&source=top_level&linked_request_uuid=5b748d51-0899-46fb-b7f2-6826185dc270
Pay In-Store Prices,,/menu/Kettering/kettering/4436-asda-kettering/?day=today&geohash=gcr6pmnt52wh&time=ASAP&category_id=210752924&source=top_level&linked_request_uuid=5b748d51-0899-46fb-b7f2-6826185dc270
Pay In-Store Prices,,/menu/Kettering/kettering/4436-asda-kettering/?day=today&geohash=gcr6pmnt52wh&time=ASAP&category_id=210752924&source=top_level&linked_request_uuid=5b748d51-0899-46fb-b7f2-6826185dc270
Pay In-Store Prices,,/menu/Kettering/kettering/4436-asda-kettering/?day=today&geohash=gcr6pmnt52wh&time=ASAP&category_id=210752924&source=top_level&linked_request_uuid=5b748d51-0899-46fb-b7f2-6826185dc270
Pay In-Store Prices,,/menu/Kettering/kettering/4436-asda-kettering/?day=today&geohash=gcr6pmnt52wh&time=ASAP&category_id=210752924&source=top_level&linked_request_uuid=5b748d51-0899-46fb-b7f2-6826185dc270
Star Offers,,/menu/Kettering/brambleside/one-stop-brambleside/?day=today&geohash=gcr6pmnt52wh&time=ASAP&category_id=210905231&source=top_level&linked_request_uuid=be0a2c0a-f65c-491e-b6d7-86dd1036eb8e
Star Offers,,/menu/Kettering/brambleside/one-stop-brambleside/?day=today&geohash=gcr6pmnt52wh&time=ASAP&category_id=210905231&source=top_level&linked_request_uuid=be0a2c0a-f65c-491e-b6d7-86dd1036eb8e
Star Offers,,/menu/Kettering/brambleside/one-stop-brambleside/?day=today&geohash=gcr6pmnt52wh&time=ASAP&category_id=210905231&source=top_level&linked_request_uuid=be0a2c0a-f65c-491e-b6d7-86dd1036eb8e
Star Offers,,/menu/Kettering/brambleside/one-stop-brambleside/?day=today&geohash=gcr6pmnt52wh&time=ASAP&category_id=210905231&source=top_level&linked_request_uuid=be0a2c0a-f65c-491e-b6d7-86dd1036eb8e
Pay In-Store Prices,,/menu/Kettering/kettering/4436-asda-kettering/?day=today&geohash=gcr6pmnt52wh&time=ASAP&category_id=210752924&source=top_level&linked_request_uuid=5b748d51-0899-46fb-b7f2-6826185dc270
Pay In-Store Prices,,/menu/Kettering/kettering/4436-asda-kettering/?day=today&geohash=gcr6pmnt52wh&time=ASAP&category_id=210752924&source=top_level&linked_request_uuid=5b748d51-0899-46fb-b7f2-6826185dc270
Pay In-Store Prices,,/menu/Kettering/kettering/4436-asda-kettering/?day=today&geohash=gcr6pmnt52wh&time=ASAP&category_id=210752924&source=top_level&linked_request_uuid=5b748d51-0899-46fb-b7f2-6826185dc270
Pay In-Store Prices,,/menu/Kettering/kettering/4436-asda-kettering/?day=today&geohash=gcr6pmnt52wh&time=ASAP&category_id=210752924&source=top_level&linked_request_uuid=5b748d51-0899-46fb-b7f2-6826185dc270
Pay In-Store Prices,,/menu/Kettering/kettering/4436-asda-kettering/?day=today&geohash=gcr6pmnt52wh&time=ASAP&category_id=210752924&source=top_level&linked_request_uuid=5b748d51-0899-46fb-b7f2-6826185dc270
Star Offers,,/menu/Kettering/brambleside/one-stop-brambleside/?day=today&geohash=gcr6pmnt52wh&time=ASAP&category_id=210905231&source=top_level&linked_request_uuid=be0a2c0a-f65c-491e-b6d7-86dd1036eb8e
Star Offers,,/menu/Kettering/brambleside/one-stop-brambleside/?day=today&geohash=gcr6pmnt52wh&time=ASAP&category_id=210905231&source=top_level&linked_request_uuid=be0a2c0a-f65c-491e-b6d7-86dd1036eb8e
Star Offers,,/menu/Kettering/brambleside/one-stop-brambleside/?day=today&geohash=gcr6pmnt52wh&time=ASAP&category_id=210905231&source=top_level&linked_request_uuid=be0a2c0a-f65c-491e-b6d7-86dd1036eb8e
Star Offers,,/menu/Kettering/brambleside/one-stop-brambleside/?day=today&geohash=gcr6pmnt52wh&time=ASAP&category_id=210905231&source=top_level&linked_request_uuid=be0a2c0a-f65c-491e-b6d7-86dd1036eb8e
Star Offers,,/menu/Kettering/brambleside/one-stop-brambleside/?day=today&geohash=gcr6pmnt52wh&time=ASAP&category_id=210905231&source=top_level&linked_request_uuid=be0a2c0a-f65c-491e-b6d7-86dd1036eb8e
Pay In-Store Prices,,/menu/Kettering/kettering/4436-asda-kettering/?day=today&geohash=gcr6pmnt52wh&time=ASAP&category_id=210752924&source=top_level&linked_request_uuid=5b748d51-0899-46fb-b7f2-6826185dc270
Star Offers,,/menu/Kettering/brambleside/one-stop-brambleside/?day=today&geohash=gcr6pmnt52wh&time=ASAP&category_id=210905231&source=top_level&linked_request_uuid=be0a2c0a-f65c-491e-b6d7-86dd1036eb8e
Star Offers,,/menu/Kettering/brambleside/one-stop-brambleside/?day=today&geohash=gcr6pmnt52wh&time=ASAP&category_id=210905231&source=top_level&linked_request_uuid=be0a2c0a-f65c-491e-b6d7-86dd1036eb8e
Star Offers,,/menu/Kettering/brambleside/one-stop-brambleside/?day=today&geohash=gcr6pmnt52wh&time=ASAP&category_id=210905231&source=top_level&linked_request_uuid=be0a2c0a-f65c-491e-b6d7-86dd1036eb8e
Star Offers,,/menu/Kettering/brambleside/one-stop-brambleside/?day=today&geohash=gcr6pmnt52wh&time=ASAP&category_id=210905231&source=top_level&linked_request_uuid=be0a2c0a-f65c-491e-b6d7-86dd1036eb8e
Star Offers,,/menu/Kettering/brambleside/one-stop-brambleside/?day=today&geohash=gcr6pmnt52wh&time=ASAP&category_id=210905231&source=top_level&linked_request_uuid=be0a2c0a-f65c-491e-b6d7-86dd1036eb8e
Star Offers,,/menu/Kettering/brambleside/one-stop-brambleside/?day=today&geohash=gcr6pmnt52wh&time=ASAP&category_id=210905231&source=top_level&linked_request_uuid=be0a2c0a-f65c-491e-b6d7-86dd1036eb8e
Star Offers,,/menu/Kettering/brambleside/one-stop-brambleside/?day=today&geohash=gcr6pmnt52wh&time=ASAP&category_id=210905231&source=top_level&linked_request_uuid=be0a2c0a-f65c-491e-b6d7-86dd1036eb8e
Star Offers,,/menu/Kettering/brambleside/one-stop-brambleside/?day=today&geohash=gcr6pmnt52wh&time=ASAP&category_id=210905231&source=top_level&linked_request_uuid=be0a2c0a-f65c-491e-b6d7-86dd1036eb8e
Star Offers,,/menu/Kettering/brambleside/one-stop-brambleside/?day=today&geohash=gcr6pmnt52wh&time=ASAP&category_id=210905231&source=top_level&linked_request_uuid=be0a2c0a-f65c-491e-b6d7-86dd1036eb8e
Star Offers,,/menu/Kettering/brambleside/one-stop-brambleside/?day=today&geohash=gcr6pmnt52wh&time=ASAP&category_id=210905231&source=top_level&linked_request_uuid=be0a2c0a-f65c-491e-b6d7-86dd1036eb8e
Star Offers,,/menu/Kettering/brambleside/one-stop-brambleside/?day=today&geohash=gcr6pmnt52wh&time=ASAP&category_id=210905231&source=top_level&linked_request_uuid=be0a2c0a-f65c-491e-b6d7-86dd1036eb8e
Star Offers,,/menu/Kettering/brambleside/one-stop-brambleside/?day=today&geohash=gcr6pmnt52wh&time=ASAP&category_id=210905231&source=top_level&linked_request_uuid=be0a2c0a-f65c-491e-b6d7-86dd1036eb8e
Star Offers,,/menu/Kettering/brambleside/one-stop-brambleside/?day=today&geohash=gcr6pmnt52wh&time=ASAP&category_id=210905231&source=top_level&linked_request_uuid=be0a2c0a-f65c-491e-b6d7-86dd1036eb8e
Star Offers,,/menu/Kettering/brambleside/one-stop-brambleside/?day=today&geohash=gcr6pmnt52wh&time=ASAP&category_id=210905231&source=top_level&linked_request_uuid=be0a2c0a-f65c-491e-b6d7-86dd1036eb8e
Star Offers,,/menu/Kettering/brambleside/one-stop-brambleside/?day=today&geohash=gcr6pmnt52wh&time=ASAP&category_id=210905231&source=top_level&linked_request_uuid=be0a2c0a-f65c-491e-b6d7-86dd1036eb8e
Star Offers,,/menu/Kettering/brambleside/one-stop-brambleside/?day=today&geohash=gcr6pmnt52wh&time=ASAP&category_id=210905231&source=top_level&linked_request_uuid=be0a2c0a-f65c-491e-b6d7-86dd1036eb8e
Star Offers,,/menu/Kettering/brambleside/one-stop-brambleside/?day=today&geohash=gcr6pmnt52wh&time=ASAP&category_id=210905231&source=top_level&linked_request_uuid=be0a2c0a-f65c-491e-b6d7-86dd1036eb8e
Star Offers,,/menu/Kettering/brambleside/one-stop-brambleside/?day=today&geohash=gcr6pmnt52wh&time=ASAP&category_id=210905231&source=top_level&linked_request_uuid=be0a2c0a-f65c-491e-b6d7-86dd1036eb8e
Star Offers,,/menu/Kettering/brambleside/one-stop-brambleside/?day=today&geohash=gcr6pmnt52wh&time=ASAP&category_id=210905231&source=top_level&linked_request_uuid=be0a2c0a-f65c-491e-b6d7-86dd1036eb8e
Star Offers,,/menu/Kettering/brambleside/one-stop-brambleside/?day=today&geohash=gcr6pmnt52wh&time=ASAP&category_id=210905231&source=top_level&linked_request_uuid=be0a2c0a-f65c-491e-b6d7-86dd1036eb8e
Star Offers,,/menu/Kettering/brambleside/one-stop-brambleside/?day=today&geohash=gcr6pmnt52wh&time=ASAP&category_id=210905231&source=top_level&linked_request_uuid=be0a2c0a-f65c-491e-b6d7-86dd1036eb8e
Star Offers,,/menu/Kettering/brambleside/one-stop-brambleside/?day=today&geohash=gcr6pmnt52wh&time=ASAP&category_id=210905231&source=top_level&linked_request_uuid=be0a2c0a-f65c-491e-b6d7-86dd1036eb8e
Star Offers,,/menu/Kettering/brambleside/one-stop-brambleside/?day=today&geohash=gcr6pmnt52wh&time=ASAP&category_id=210905231&source=top_level&linked_request_uuid=be0a2c0a-f65c-491e-b6d7-86dd1036eb8e
Star Offers,,/menu/Kettering/brambleside/one-stop-brambleside/?day=today&geohash=gcr6pmnt52wh&time=ASAP&category_id=210905231&source=top_level&linked_request_uuid=be0a2c0a-f65c-491e-b6d7-86dd1036eb8e
Star Offers,,/menu/Kettering/brambleside/one-stop-brambleside/?day=today&geohash=gcr6pmnt52wh&time=ASAP&category_id=210905231&source=top_level&linked_request_uuid=be0a2c0a-f65c-491e-b6d7-86dd1036eb8e
Star Offers,,/menu/Kettering/brambleside/one-stop-brambleside/?day=today&geohash=gcr6pmnt52wh&time=ASAP&category_id=210905231&source=top_level&linked_request_uuid=be0a2c0a-f65c-491e-b6d7-86dd1036eb8e
Star Offers,,/menu/Kettering/brambleside/one-stop-brambleside/?day=today&geohash=gcr6pmnt52wh&time=ASAP&category_id=210905231&source=top_level&linked_request_uuid=be0a2c0a-f65c-491e-b6d7-86dd1036eb8e
Star Offers,,/menu/Kettering/brambleside/one-stop-brambleside/?day=today&geohash=gcr6pmnt52wh&time=ASAP&category_id=210905231&source=top_level&linked_request_uuid=be0a2c0a-f65c-491e-b6d7-86dd1036eb8e
Star Offers,,/menu/Kettering/brambleside/one-stop-brambleside/?day=today&geohash=gcr6pmnt52wh&time=ASAP&category_id=210905231&source=top_level&linked_request_uuid=be0a2c0a-f65c-491e-b6d7-86dd1036eb8e
Star Offers,,/menu/Kettering/brambleside/one-stop-brambleside/?day=today&geohash=gcr6pmnt52wh&time=ASAP&category_id=210905231&source=top_level&linked_request_uuid=be0a2c0a-f65c-491e-b6d7-86dd1036eb8e
Star Offers,,/menu/Kettering/brambleside/one-stop-brambleside/?day=today&geohash=gcr6pmnt52wh&time=ASAP&category_id=210905231&source=top_level&linked_request_uuid=be0a2c0a-f65c-491e-b6d7-86dd1036eb8e
Star Offers,,/menu/Kettering/brambleside/one-stop-brambleside/?day=today&geohash=gcr6pmnt52wh&time=ASAP&category_id=210905231&source=top_level&linked_request_uuid=be0a2c0a-f65c-491e-b6d7-86dd1036eb8e
Star Offers,,/menu/Kettering/brambleside/one-stop-brambleside/?day=today&geohash=gcr6pmnt52wh&time=ASAP&category_id=210905231&source=top_level&linked_request_uuid=be0a2c0a-f65c-491e-b6d7-86dd1036eb8e
Star Offers,,/menu/Kettering/brambleside/one-stop-brambleside/?day=today&geohash=gcr6pmnt52wh&time=ASAP&category_id=210905231&source=top_level&linked_request_uuid=be0a2c0a-f65c-491e-b6d7-86dd1036eb8e
Star Offers,,/menu/Kettering/brambleside/one-stop-brambleside/?day=today&geohash=gcr6pmnt52wh&time=ASAP&category_id=210905231&source=top_level&linked_request_uuid=be0a2c0a-f65c-491e-b6d7-86dd1036eb8e
Star Offers,,/menu/Kettering/brambleside/one-stop-brambleside/?day=today&geohash=gcr6pmnt52wh&time=ASAP&category_id=210905231&source=top_level&linked_request_uuid=be0a2c0a-f65c-491e-b6d7-86dd1036eb8e
Star Offers,,/menu/Kettering/brambleside/one-stop-brambleside/?day=today&geohash=gcr6pmnt52wh&time=ASAP&category_id=210905231&source=top_level&linked_request_uuid=be0a2c0a-f65c-491e-b6d7-86dd1036eb8e
Star Offers,,/menu/Kettering/brambleside/one-stop-brambleside/?day=today&geohash=gcr6pmnt52wh&time=ASAP&category_id=210905231&source=top_level&linked_request_uuid=be0a2c0a-f65c-491e-b6d7-86dd1036eb8e
Star Offers,,/menu/Kettering/brambleside/one-stop-brambleside/?day=today&geohash=gcr6pmnt52wh&time=ASAP&category_id=210905231&source=top_level&linked_request_uuid=be0a2c0a-f65c-491e-b6d7-86dd1036eb8e
Star Offers,,/menu/Kettering/brambleside/one-stop-brambleside/?day=today&geohash=gcr6pmnt52wh&time=ASAP&category_id=210905231&source=top_level&linked_request_uuid=be0a2c0a-f65c-491e-b6d7-86dd1036eb8e
Star Offers,,/menu/Kettering/brambleside/one-stop-brambleside/?day=today&geohash=gcr6pmnt52wh&time=ASAP&category_id=210905231&source=top_level&linked_request_uuid=be0a2c0a-f65c-491e-b6d7-86dd1036eb8e
Instant Meal,0.70 miles away,/menu/Kettering/kettering/a-k-grocerices-and-off-licence-37-newland-street/?day=today&geohash=gcr6pmnt52wh&time=ASAP&category_id=204622553&source=top_level&linked_request_uuid=0faf63f3-179e-4a6c-b808-7649fde5b237
Instant Meal,0.70 miles away,/menu/Kettering/kettering/a-k-grocerices-and-off-licence-37-newland-street/?day=today&geohash=gcr6pmnt52wh&time=ASAP&category_id=204622553&source=top_level&linked_request_uuid=0faf63f3-179e-4a6c-b808-7649fde5b237
Instant Meal,0.70 miles away,/menu/Kettering/kettering/a-k-grocerices-and-off-licence-37-newland-street/?day=today&geohash=gcr6pmnt52wh&time=ASAP&category_id=204622553&source=top_level&linked_request_uuid=0faf63f3-179e-4a6c-b808-7649fde5b237
Instant Meal,0.70 miles away,/menu/Kettering/kettering/a-k-grocerices-and-off-licence-37-newland-street/?day=today&geohash=gcr6pmnt52wh&time=ASAP&category_id=204622553&source=top_level&linked_request_uuid=0faf63f3-179e-4a6c-b808-7649fde5b237
Instant Meal,0.70 miles away,/menu/Kettering/kettering/a-k-grocerices-and-off-licence-37-newland-street/?day=today&geohash=gcr6pmnt52wh&time=ASAP&category_id=204622553&source=top_level&linked_request_uuid=0faf63f3-179e-4a6c-b808-7649fde5b237
Instant Meal,0.70 miles away,/menu/Kettering/kettering/a-k-grocerices-and-off-licence-37-newland-street/?day=today&geohash=gcr6pmnt52wh&time=ASAP&category_id=204622553&source=top_level&linked_request_uuid=0faf63f3-179e-4a6c-b808-7649fde5b237
Instant Meal,0.70 miles away,/menu/Kettering/kettering/a-k-grocerices-and-off-licence-37-newland-street/?day=today&geohash=gcr6pmnt52wh&time=ASAP&category_id=204622553&source=top_level&linked_request_uuid=0faf63f3-179e-4a6c-b808-7649fde5b237
Instant Meal,0.70 miles away,/menu/Kettering/kettering/a-k-grocerices-and-off-licence-37-newland-street/?day=today&geohash=gcr6pmnt52wh&time=ASAP&category_id=204622553&source=top_level&linked_request_uuid=0faf63f3-179e-4a6c-b808-7649fde5b237
Beer,,/menu/Kettering/kettering/a-and-b-booze-4-u/?day=today&geohash=gcr6pmnt52wh&time=ASAP&category_id=179557042&source=top_level&linked_request_uuid=e41cf19f-643d-4b7e-8245-b9d5682fb302
Beer,,/menu/Kettering/kettering/a-and-b-booze-4-u/?day=today&geohash=gcr6pmnt52wh&time=ASAP&category_id=179557042&source=top_level&linked_request_uuid=e41cf19f-643d-4b7e-8245-b9d5682fb302
Beer,,/menu/Kettering/kettering/a-and-b-booze-4-u/?day=today&geohash=gcr6pmnt52wh&time=ASAP&category_id=179557042&source=top_level&linked_request_uuid=e41cf19f-643d-4b7e-8245-b9d5682fb302
Beer,,/menu/Kettering/kettering/a-and-b-booze-4-u/?day=today&geohash=gcr6pmnt52wh&time=ASAP&category_id=179557042&source=top_level&linked_request_uuid=e41cf19f-643d-4b7e-8245-b9d5682fb302
Beer,,/menu/Kettering/kettering/a-and-b-booze-4-u/?day=today&geohash=gcr6pmnt52wh&time=ASAP&category_id=179557042&source=top_level&linked_request_uuid=e41cf19f-643d-4b7e-8245-b9d5682fb302
Beer,,/menu/Kettering/kettering/a-and-b-booze-4-u/?day=today&geohash=gcr6pmnt52wh&time=ASAP&category_id=179557042&source=top_level&linked_request_uuid=e41cf19f-643d-4b7e-8245-b9d5682fb302
Beer,,/menu/Kettering/kettering/a-and-b-booze-4-u/?day=today&geohash=gcr6pmnt52wh&time=ASAP&category_id=179557042&source=top_level&linked_request_uuid=e41cf19f-643d-4b7e-8245-b9d5682fb302
Beer,,/menu/Kettering/kettering/a-and-b-booze-4-u/?day=today&geohash=gcr6pmnt52wh&time=ASAP&category_id=179557042&source=top_level&linked_request_uuid=e41cf19f-643d-4b7e-8245-b9d5682fb302
Beer,,/menu/Kettering/kettering/a-and-b-booze-4-u/?day=today&geohash=gcr6pmnt52wh&time=ASAP&category_id=179557042&source=top_level&linked_request_uuid=e41cf19f-643d-4b7e-8245-b9d5682fb302
Beer,,/menu/Kettering/kettering/a-and-b-booze-4-u/?day=today&geohash=gcr6pmnt52wh&time=ASAP&category_id=179557042&source=top_level&linked_request_uuid=e41cf19f-643d-4b7e-8245-b9d5682fb302
Beer,,/menu/Kettering/kettering/a-and-b-booze-4-u/?day=today&geohash=gcr6pmnt52wh&time=ASAP&category_id=179557042&source=top_level&linked_request_uuid=e41cf19f-643d-4b7e-8245-b9d5682fb302
Beer,,/menu/Kettering/kettering/a-and-b-booze-4-u/?day=today&geohash=gcr6pmnt52wh&time=ASAP&category_id=179557042&source=top_level&linked_request_uuid=e41cf19f-643d-4b7e-8245-b9d5682fb302
Beer,,/menu/Kettering/kettering/a-and-b-booze-4-u/?day=today&geohash=gcr6pmnt52wh&time=ASAP&category_id=179557042&source=top_level&linked_request_uuid=e41cf19f-643d-4b7e-8245-b9d5682fb302
Beer,,/menu/Kettering/kettering/a-and-b-booze-4-u/?day=today&geohash=gcr6pmnt52wh&time=ASAP&category_id=179557042&source=top_level&linked_request_uuid=e41cf19f-643d-4b7e-8245-b9d5682fb302
Beer,,/menu/Kettering/kettering/a-and-b-booze-4-u/?day=today&geohash=gcr6pmnt52wh&time=ASAP&category_id=179557042&source=top_level&linked_request_uuid=e41cf19f-643d-4b7e-8245-b9d5682fb302
Beer,,/menu/Kettering/kettering/a-and-b-booze-4-u/?day=today&geohash=gcr6pmnt52wh&time=ASAP&category_id=179557042&source=top_level&linked_request_uuid=e41cf19f-643d-4b7e-8245-b9d5682fb302
Beer,,/menu/Kettering/kettering/a-and-b-booze-4-u/?day=today&geohash=gcr6pmnt52wh&time=ASAP&category_id=179557042&source=top_level&linked_request_uuid=e41cf19f-643d-4b7e-8245-b9d5682fb302
Beer,,/menu/Kettering/kettering/a-and-b-booze-4-u/?day=today&geohash=gcr6pmnt52wh&time=ASAP&category_id=179557042&source=top_level&linked_request_uuid=e41cf19f-643d-4b7e-8245-b9d5682fb302
Beer,,/menu/Kettering/kettering/a-and-b-booze-4-u/?day=today&geohash=gcr6pmnt52wh&time=ASAP&category_id=179557042&source=top_level&linked_request_uuid=e41cf19f-643d-4b7e-8245-b9d5682fb302
Beer,,/menu/Kettering/kettering/a-and-b-booze-4-u/?day=today&geohash=gcr6pmnt52wh&time=ASAP&category_id=179557042&source=top_level&linked_request_uuid=e41cf19f-643d-4b7e-8245-b9d5682fb302
Beer,,/menu/Kettering/kettering/a-and-b-booze-4-u/?day=today&geohash=gcr6pmnt52wh&time=ASAP&category_id=179557042&source=top_level&linked_request_uuid=e41cf19f-643d-4b7e-8245-b9d5682fb302
Beer,,/menu/Kettering/kettering/a-and-b-booze-4-u/?day=today&geohash=gcr6pmnt52wh&time=ASAP&category_id=179557042&source=top_level&linked_request_uuid=e41cf19f-643d-4b7e-8245-b9d5682fb302
Beer,,/menu/Kettering/kettering/a-and-b-booze-4-u/?day=today&geohash=gcr6pmnt52wh&time=ASAP&category_id=179557042&source=top_level&linked_request_uuid=e41cf19f-643d-4b7e-8245-b9d5682fb302
Beer,,/menu/Kettering/kettering/a-and-b-booze-4-u/?day=today&geohash=gcr6pmnt52wh&time=ASAP&category_id=179557042&source=top_level&linked_request_uuid=e41cf19f-643d-4b7e-8245-b9d5682fb302
Beer,,/menu/Kettering/kettering/a-and-b-booze-4-u/?day=today&geohash=gcr6pmnt52wh&time=ASAP&category_id=179557042&source=top_level&linked_request_uuid=e41cf19f-643d-4b7e-8245-b9d5682fb302
Beer,,/menu/Kettering/kettering/a-and-b-booze-4-u/?day=today&geohash=gcr6pmnt52wh&time=ASAP&category_id=179557042&source=top_level&linked_request_uuid=e41cf19f-643d-4b7e-8245-b9d5682fb302
Beer,,/menu/Kettering/kettering/a-and-b-booze-4-u/?day=today&geohash=gcr6pmnt52wh&time=ASAP&category_id=179557042&source=top_level&linked_request_uuid=e41cf19f-643d-4b7e-8245-b9d5682fb302
Beer,,/menu/Kettering/kettering/a-and-b-booze-4-u/?day=today&geohash=gcr6pmnt52wh&time=ASAP&category_id=179557042&source=top_level&linked_request_uuid=e41cf19f-643d-4b7e-8245-b9d5682fb302
Beer,,/menu/Kettering/kettering/a-and-b-booze-4-u/?day=today&geohash=gcr6pmnt52wh&time=ASAP&category_id=179557042&source=top_level&linked_request_uuid=e41cf19f-643d-4b7e-8245-b9d5682fb302
Beer,,/menu/Kettering/kettering/a-and-b-booze-4-u/?day=today&geohash=gcr6pmnt52wh&time=ASAP&category_id=179557042&source=top_level&linked_request_uuid=e41cf19f-643d-4b7e-8245-b9d5682fb302
Beer,,/menu/Kettering/kettering/a-and-b-booze-4-u/?day=today&geohash=gcr6pmnt52wh&time=ASAP&category_id=179557042&source=top_level&linked_request_uuid=e41cf19f-643d-4b7e-8245-b9d5682fb302
Beer,,/menu/Kettering/kettering/a-and-b-booze-4-u/?day=today&geohash=gcr6pmnt52wh&time=ASAP&category_id=179557042&source=top_level&linked_request_uuid=e41cf19f-643d-4b7e-8245-b9d5682fb302
Beer,,/menu/Kettering/kettering/a-and-b-booze-4-u/?day=today&geohash=gcr6pmnt52wh&time=ASAP&category_id=179557042&source=top_level&linked_request_uuid=e41cf19f-643d-4b7e-8245-b9d5682fb302
In Store Prices,,/menu/Kettering/kettering/morrisons-kettering-lower-street/?day=today&geohash=gcr6pmnt52wh&time=ASAP&category_id=158088567&source=top_level&linked_request_uuid=07f7ac38-b05b-4532-87aa-e4767b49632d
In Store Prices,,/menu/Kettering/kettering/morrisons-kettering-lower-street/?day=today&geohash=gcr6pmnt52wh&time=ASAP&category_id=158088567&source=top_level&linked_request_uuid=07f7ac38-b05b-4532-87aa-e4767b49632d
In Store Prices,,/menu/Kettering/kettering/morrisons-kettering-lower-street/?day=today&geohash=gcr6pmnt52wh&time=ASAP&category_id=158088567&source=top_level&linked_request_uuid=07f7ac38-b05b-4532-87aa-e4767b49632d
In Store Prices,,/menu/Kettering/kettering/morrisons-kettering-lower-street/?day=today&geohash=gcr6pmnt52wh&time=ASAP&category_id=158088567&source=top_level&linked_request_uuid=07f7ac38-b05b-4532-87aa-e4767b49632d
In Store Prices,,/menu/Kettering/kettering/morrisons-kettering-lower-street/?day=today&geohash=gcr6pmnt52wh&time=ASAP&category_id=158088567&source=top_level&linked_request_uuid=07f7ac38-b05b-4532-87aa-e4767b49632d
In Store Prices,,/menu/Kettering/kettering/morrisons-kettering-lower-street/?day=today&geohash=gcr6pmnt52wh&time=ASAP&category_id=158088567&source=top_level&linked_request_uuid=07f7ac38-b05b-4532-87aa-e4767b49632d
In Store Prices,,/menu/Kettering/kettering/morrisons-kettering-lower-street/?day=today&geohash=gcr6pmnt52wh&time=ASAP&category_id=158088567&source=top_level&linked_request_uuid=07f7ac38-b05b-4532-87aa-e4767b49632d
In Store Prices,,/menu/Kettering/kettering/morrisons-kettering-lower-street/?day=today&geohash=gcr6pmnt52wh&time=ASAP&category_id=158088567&source=top_level&linked_request_uuid=07f7ac38-b05b-4532-87aa-e4767b49632d
In Store Prices,,/menu/Kettering/kettering/morrisons-kettering-lower-street/?day=today&geohash=gcr6pmnt52wh&time=ASAP&category_id=158088567&source=top_level&linked_request_uuid=07f7ac38-b05b-4532-87aa-e4767b49632d
In Store Prices,,/menu/Kettering/kettering/morrisons-kettering-lower-street/?day=today&geohash=gcr6pmnt52wh&time=ASAP&category_id=158088567&source=top_level&linked_request_uuid=07f7ac38-b05b-4532-87aa-e4767b49632d
In Store Prices,,/menu/Kettering/kettering/morrisons-kettering-lower-street/?day=today&geohash=gcr6pmnt52wh&time=ASAP&category_id=158088567&source=top_level&linked_request_uuid=07f7ac38-b05b-4532-87aa-e4767b49632d
In Store Prices,,/menu/Kettering/kettering/morrisons-kettering-lower-street/?day=today&geohash=gcr6pmnt52wh&time=ASAP&category_id=158088567&source=top_level&linked_request_uuid=07f7ac38-b05b-4532-87aa-e4767b49632d
In Store Prices,,/menu/Kettering/kettering/morrisons-kettering-lower-street/?day=today&geohash=gcr6pmnt52wh&time=ASAP&category_id=158088567&source=top_level&linked_request_uuid=07f7ac38-b05b-4532-87aa-e4767b49632d
In Store Prices,,/menu/Kettering/kettering/morrisons-kettering-lower-street/?day=today&geohash=gcr6pmnt52wh&time=ASAP&category_id=158088567&source=top_level&linked_request_uuid=07f7ac38-b05b-4532-87aa-e4767b49632d
In Store Prices,,/menu/Kettering/kettering/morrisons-kettering-lower-street/?day=today&geohash=gcr6pmnt52wh&time=ASAP&category_id=158088567&source=top_level&linked_request_uuid=07f7ac38-b05b-4532-87aa-e4767b49632d
In Store Prices,,/menu/Kettering/kettering/morrisons-kettering-lower-street/?day=today&geohash=gcr6pmnt52wh&time=ASAP&category_id=158088567&source=top_level&linked_request_uuid=07f7ac38-b05b-4532-87aa-e4767b49632d
In Store Prices,,/menu/Kettering/kettering/morrisons-kettering-lower-street/?day=today&geohash=gcr6pmnt52wh&time=ASAP&category_id=158088567&source=top_level&linked_request_uuid=07f7ac38-b05b-4532-87aa-e4767b49632d
In Store Prices,,/menu/Kettering/kettering/morrisons-kettering-lower-street/?day=today&geohash=gcr6pmnt52wh&time=ASAP&category_id=158088567&source=top_level&linked_request_uuid=07f7ac38-b05b-4532-87aa-e4767b49632d
In Store Prices,,/menu/Kettering/kettering/morrisons-kettering-lower-street/?day=today&geohash=gcr6pmnt52wh&time=ASAP&category_id=158088567&source=top_level&linked_request_uuid=07f7ac38-b05b-4532-87aa-e4767b49632d
In Store Prices,,/menu/Kettering/kettering/morrisons-kettering-lower-street/?day=today&geohash=gcr6pmnt52wh&time=ASAP&category_id=158088567&source=top_level&linked_request_uuid=07f7ac38-b05b-4532-87aa-e4767b49632d
In Store Prices,,/menu/Kettering/kettering/morrisons-kettering-lower-street/?day=today&geohash=gcr6pmnt52wh&time=ASAP&category_id=158088567&source=top_level&linked_request_uuid=07f7ac38-b05b-4532-87aa-e4767b49632d
In Store Prices,,/menu/Kettering/kettering/morrisons-kettering-lower-street/?day=today&geohash=gcr6pmnt52wh&time=ASAP&category_id=158088567&source=top_level&linked_request_uuid=07f7ac38-b05b-4532-87aa-e4767b49632d
In Store Prices,,/menu/Kettering/kettering/morrisons-kettering-lower-street/?day=today&geohash=gcr6pmnt52wh&time=ASAP&category_id=158088567&source=top_level&linked_request_uuid=07f7ac38-b05b-4532-87aa-e4767b49632d
In Store Prices,,/menu/Kettering/kettering/morrisons-kettering-lower-street/?day=today&geohash=gcr6pmnt52wh&time=ASAP&category_id=158088567&source=top_level&linked_request_uuid=07f7ac38-b05b-4532-87aa-e4767b49632d
In Store Prices,,/menu/Kettering/kettering/morrisons-kettering-lower-street/?day=today&geohash=gcr6pmnt52wh&time=ASAP&category_id=158088567&source=top_level&linked_request_uuid=07f7ac38-b05b-4532-87aa-e4767b49632d
In Store Prices,,/menu/Kettering/kettering/morrisons-kettering-lower-street/?day=today&geohash=gcr6pmnt52wh&time=ASAP&category_id=158088567&source=top_level&linked_request_uuid=07f7ac38-b05b-4532-87aa-e4767b49632d
In Store Prices,,/menu/Kettering/kettering/morrisons-kettering-lower-street/?day=today&geohash=gcr6pmnt52wh&time=ASAP&category_id=158088567&source=top_level&linked_request_uuid=07f7ac38-b05b-4532-87aa-e4767b49632d
In Store Prices,,/menu/Kettering/kettering/morrisons-kettering-lower-street/?day=today&geohash=gcr6pmnt52wh&time=ASAP&category_id=158088567&source=top_level&linked_request_uuid=07f7ac38-b05b-4532-87aa-e4767b49632d
In Store Prices,,/menu/Kettering/kettering/morrisons-kettering-lower-street/?day=today&geohash=gcr6pmnt52wh&time=ASAP&category_id=158088567&source=top_level&linked_request_uuid=07f7ac38-b05b-4532-87aa-e4767b49632d
In Store Prices,,/menu/Kettering/kettering/morrisons-kettering-lower-street/?day=today&geohash=gcr6pmnt52wh&time=ASAP&category_id=158088567&source=top_level&linked_request_uuid=07f7ac38-b05b-4532-87aa-e4767b49632d
In Store Prices,,/menu/Kettering/kettering/morrisons-kettering-lower-street/?day=today&geohash=gcr6pmnt52wh&time=ASAP&category_id=158088567&source=top_level&linked_request_uuid=07f7ac38-b05b-4532-87aa-e4767b49632d
In Store Prices,,/menu/Kettering/kettering/morrisons-kettering-lower-street/?day=today&geohash=gcr6pmnt52wh&time=ASAP&category_id=158088567&source=top_level&linked_request_uuid=07f7ac38-b05b-4532-87aa-e4767b49632d
In Store Prices,,/menu/Kettering/kettering/morrisons-kettering-lower-street/?day=today&geohash=gcr6pmnt52wh&time=ASAP&category_id=158088567&source=top_level&linked_request_uuid=07f7ac38-b05b-4532-87aa-e4767b49632d
In Store Prices,,/menu/Kettering/kettering/morrisons-kettering-lower-street/?day=today&geohash=gcr6pmnt52wh&time=ASAP&category_id=158088567&source=top_level&linked_request_uuid=07f7ac38-b05b-4532-87aa-e4767b49632d
In Store Prices,,/menu/Kettering/kettering/morrisons-kettering-lower-street/?day=today&geohash=gcr6pmnt52wh&time=ASAP&category_id=158088567&source=top_level&linked_request_uuid=07f7ac38-b05b-4532-87aa-e4767b49632d
In Store Prices,,/menu/Kettering/kettering/morrisons-kettering-lower-street/?day=today&geohash=gcr6pmnt52wh&time=ASAP&category_id=158088567&source=top_level&linked_request_uuid=07f7ac38-b05b-4532-87aa-e4767b49632d
In Store Prices,,/menu/Kettering/kettering/morrisons-kettering-lower-street/?day=today&geohash=gcr6pmnt52wh&time=ASAP&category_id=158088567&source=top_level&linked_request_uuid=07f7ac38-b05b-4532-87aa-e4767b49632d
In Store Prices,,/menu/Kettering/kettering/morrisons-kettering-lower-street/?day=today&geohash=gcr6pmnt52wh&time=ASAP&category_id=158088567&source=top_level&linked_request_uuid=07f7ac38-b05b-4532-87aa-e4767b49632d
In Store Prices,,/menu/Kettering/kettering/morrisons-kettering-lower-street/?day=today&geohash=gcr6pmnt52wh&time=ASAP&category_id=158088567&source=top_level&linked_request_uuid=07f7ac38-b05b-4532-87aa-e4767b49632d
In Store Prices,,/menu/Kettering/kettering/morrisons-kettering-lower-street/?day=today&geohash=gcr6pmnt52wh&time=ASAP&category_id=158088567&source=top_level&linked_request_uuid=07f7ac38-b05b-4532-87aa-e4767b49632d
In Store Prices,,/menu/Kettering/kettering/morrisons-kettering-lower-street/?day=today&geohash=gcr6pmnt52wh&time=ASAP&category_id=158088567&source=top_level&linked_request_uuid=07f7ac38-b05b-4532-87aa-e4767b49632d
In Store Prices,,/menu/Kettering/kettering/morrisons-kettering-lower-street/?day=today&geohash=gcr6pmnt52wh&time=ASAP&category_id=158088567&source=top_level&linked_request_uuid=07f7ac38-b05b-4532-87aa-e4767b49632d
In Store Prices,,/menu/Kettering/kettering/morrisons-kettering-lower-street/?day=today&geohash=gcr6pmnt52wh&time=ASAP&category_id=158088567&source=top_level&linked_request_uuid=07f7ac38-b05b-4532-87aa-e4767b49632d
In Store Prices,,/menu/Kettering/kettering/morrisons-kettering-lower-street/?day=today&geohash=gcr6pmnt52wh&time=ASAP&category_id=158088567&source=top_level&linked_request_uuid=07f7ac38-b05b-4532-87aa-e4767b49632d
In Store Prices,,/menu/Kettering/kettering/morrisons-kettering-lower-street/?day=today&geohash=gcr6pmnt52wh&time=ASAP&category_id=158088567&source=top_level&linked_request_uuid=07f7ac38-b05b-4532-87aa-e4767b49632d
In Store Prices,,/menu/Kettering/kettering/morrisons-kettering-lower-street/?day=today&geohash=gcr6pmnt52wh&time=ASAP&category_id=158088567&source=top_level&linked_request_uuid=07f7ac38-b05b-4532-87aa-e4767b49632d
In Store Prices,,/menu/Kettering/kettering/morrisons-kettering-lower-street/?day=today&geohash=gcr6pmnt52wh&time=ASAP&category_id=158088567&source=top_level&linked_request_uuid=07f7ac38-b05b-4532-87aa-e4767b49632d
In Store Prices,,/menu/Kettering/kettering/morrisons-kettering-lower-street/?day=today&geohash=gcr6pmnt52wh&time=ASAP&category_id=158088567&source=top_level&linked_request_uuid=07f7ac38-b05b-4532-87aa-e4767b49632d
Top Offers,,/menu/Kettering/kettering/bp-kettering-west/?day=today&geohash=gcr6pmnt52wh&time=ASAP&category_id=140745307&source=top_level&linked_request_uuid=379c329e-2a92-416f-b9aa-07e95167e860
Top Offers,,/menu/Kettering/kettering/bp-kettering-west/?day=today&geohash=gcr6pmnt52wh&time=ASAP&category_id=140745307&source=top_level&linked_request_uuid=379c329e-2a92-416f-b9aa-07e95167e860
Top Offers,,/menu/Kettering/kettering/bp-kettering-west/?day=today&geohash=gcr6pmnt52wh&time=ASAP&category_id=140745307&source=top_level&linked_request_uuid=379c329e-2a92-416f-b9aa-07e95167e860
Top Offers,,/menu/Kettering/kettering/bp-kettering-west/?day=today&geohash=gcr6pmnt52wh&time=ASAP&category_id=140745307&source=top_level&linked_request_uuid=379c329e-2a92-416f-b9aa-07e95167e860
Top Offers,,/menu/Kettering/kettering/bp-kettering-west/?day=today&geohash=gcr6pmnt52wh&time=ASAP&category_id=140745307&source=top_level&linked_request_uuid=379c329e-2a92-416f-b9aa-07e95167e860
Top Offers,,/menu/Kettering/kettering/bp-kettering-west/?day=today&geohash=gcr6pmnt52wh&time=ASAP&category_id=140745307&source=top_level&linked_request_uuid=379c329e-2a92-416f-b9aa-07e95167e860
Top Offers,,/menu/Kettering/kettering/bp-kettering-west/?day=today&geohash=gcr6pmnt52wh&time=ASAP&category_id=140745307&source=top_level&linked_request_uuid=379c329e-2a92-416f-b9aa-07e95167e860
Top Offers,,/menu/Kettering/kettering/bp-kettering-west/?day=today&geohash=gcr6pmnt52wh&time=ASAP&category_id=140745307&source=top_level&linked_request_uuid=379c329e-2a92-416f-b9aa-07e95167e860
Top Offers,,/menu/Kettering/kettering/bp-kettering-west/?day=today&geohash=gcr6pmnt52wh&time=ASAP&category_id=140745307&source=top_level&linked_request_uuid=379c329e-2a92-416f-b9aa-07e95167e860
Top Offers,,/menu/Kettering/kettering/bp-kettering-west/?day=today&geohash=gcr6pmnt52wh&time=ASAP&category_id=140745307&source=top_level&linked_request_uuid=379c329e-2a92-416f-b9aa-07e95167e860
Top Offers,,/menu/Kettering/kettering/bp-kettering-west/?day=today&geohash=gcr6pmnt52wh&time=ASAP&category_id=140745307&source=top_level&linked_request_uuid=379c329e-2a92-416f-b9aa-07e95167e860
Top Offers,,/menu/Kettering/kettering/bp-kettering-west/?day=today&geohash=gcr6pmnt52wh&time=ASAP&category_id=140745307&source=top_level&linked_request_uuid=379c329e-2a92-416f-b9aa-07e95167e860
Top Offers,,/menu/Kettering/kettering/bp-kettering-west/?day=today&geohash=gcr6pmnt52wh&time=ASAP&category_id=140745307&source=top_level&linked_request_uuid=379c329e-2a92-416f-b9aa-07e95167e860
Top Offers,,/menu/Kettering/kettering/bp-kettering-west/?day=today&geohash=gcr6pmnt52wh&time=ASAP&category_id=140745307&source=top_level&linked_request_uuid=379c329e-2a92-416f-b9aa-07e95167e860
Top Offers,,/menu/Kettering/kettering/bp-kettering-west/?day=today&geohash=gcr6pmnt52wh&time=ASAP&category_id=140745307&source=top_level&linked_request_uuid=379c329e-2a92-416f-b9aa-07e95167e860
Top Offers,,/menu/Kettering/kettering/bp-kettering-west/?day=today&geohash=gcr6pmnt52wh&time=ASAP&category_id=140745307&source=top_level&linked_request_uuid=379c329e-2a92-416f-b9aa-07e95167e860
Top Offers,,/menu/Kettering/kettering/bp-kettering-west/?day=today&geohash=gcr6pmnt52wh&time=ASAP&category_id=140745307&source=top_level&linked_request_uuid=379c329e-2a92-416f-b9aa-07e95167e860
Top Offers,,/menu/Kettering/kettering/bp-kettering-west/?day=today&geohash=gcr6pmnt52wh&time=ASAP&category_id=140745307&source=top_level&linked_request_uuid=379c329e-2a92-416f-b9aa-07e95167e860
Top Offers,,/menu/Kettering/kettering/bp-kettering-west/?day=today&geohash=gcr6pmnt52wh&time=ASAP&category_id=140745307&source=top_level&linked_request_uuid=379c329e-2a92-416f-b9aa-07e95167e860
Top Offers,,/menu/Kettering/kettering/bp-kettering-west/?day=today&geohash=gcr6pmnt52wh&time=ASAP&category_id=140745307&source=top_level&linked_request_uuid=379c329e-2a92-416f-b9aa-07e95167e860
Top Offers,,/menu/Kettering/kettering/bp-kettering-west/?day=today&geohash=gcr6pmnt52wh&time=ASAP&category_id=140745307&source=top_level&linked_request_uuid=379c329e-2a92-416f-b9aa-07e95167e860
Top Offers,,/menu/Kettering/kettering/bp-kettering-west/?day=today&geohash=gcr6pmnt52wh&time=ASAP&category_id=140745307&source=top_level&linked_request_uuid=379c329e-2a92-416f-b9aa-07e95167e860
Top Offers,,/menu/Kettering/kettering/bp-kettering-west/?day=today&geohash=gcr6pmnt52wh&time=ASAP&category_id=140745307&source=top_level&linked_request_uuid=379c329e-2a92-416f-b9aa-07e95167e860
Top Offers,,/menu/Kettering/kettering/bp-kettering-west/?day=today&geohash=gcr6pmnt52wh&time=ASAP&category_id=140745307&source=top_level&linked_request_uuid=379c329e-2a92-416f-b9aa-07e95167e860
Top Offers,,/menu/Kettering/kettering/bp-kettering-west/?day=today&geohash=gcr6pmnt52wh&time=ASAP&category_id=140745307&source=top_level&linked_request_uuid=379c329e-2a92-416f-b9aa-07e95167e860
Top Offers,,/menu/Kettering/kettering/bp-kettering-west/?day=today&geohash=gcr6pmnt52wh&time=ASAP&category_id=140745307&source=top_level&linked_request_uuid=379c329e-2a92-416f-b9aa-07e95167e860
Top Offers,,/menu/Kettering/kettering/bp-kettering-west/?day=today&geohash=gcr6pmnt52wh&time=ASAP&category_id=140745307&source=top_level&linked_request_uuid=379c329e-2a92-416f-b9aa-07e95167e860
Top Offers,,/menu/Kettering/kettering/bp-kettering-west/?day=today&geohash=gcr6pmnt52wh&time=ASAP&category_id=140745307&source=top_level&linked_request_uuid=379c329e-2a92-416f-b9aa-07e95167e860
Top Offers,,/menu/Kettering/kettering/bp-kettering-west/?day=today&geohash=gcr6pmnt52wh&time=ASAP&category_id=140745307&source=top_level&linked_request_uuid=379c329e-2a92-416f-b9aa-07e95167e860
Top Offers,,/menu/Kettering/kettering/bp-kettering-west/?day=today&geohash=gcr6pmnt52wh&time=ASAP&category_id=140745307&source=top_level&linked_request_uuid=379c329e-2a92-416f-b9aa-07e95167e860
Top Offers,,/menu/Kettering/kettering/bp-kettering-west/?day=today&geohash=gcr6pmnt52wh&time=ASAP&category_id=140745307&source=top_level&linked_request_uuid=379c329e-2a92-416f-b9aa-07e95167e860
Top Offers,,/menu/Kettering/kettering/bp-kettering-west/?day=today&geohash=gcr6pmnt52wh&time=ASAP&category_id=140745307&source=top_level&linked_request_uuid=379c329e-2a92-416f-b9aa-07e95167e860
Top Offers,,/menu/Kettering/kettering/bp-kettering-west/?day=today&geohash=gcr6pmnt52wh&time=ASAP&category_id=140745307&source=top_level&linked_request_uuid=379c329e-2a92-416f-b9aa-07e95167e860
Top Offers,,/menu/Kettering/kettering/bp-kettering-west/?day=today&geohash=gcr6pmnt52wh&time=ASAP&category_id=140745307&source=top_level&linked_request_uuid=379c329e-2a92-416f-b9aa-07e95167e860
Top Offers,,/menu/Kettering/kettering/bp-kettering-west/?day=today&geohash=gcr6pmnt52wh&time=ASAP&category_id=140745307&source=top_level&linked_request_uuid=379c329e-2a92-416f-b9aa-07e95167e860
Drinks,0.80 miles away,/menu/Kettering/kettering/avondale-food-and-wine/?geohash=gcr6pmnt52wh&category_id=146717655&source=top_level&linked_request_uuid=1e2a6e45-94dd-497e-a038-3ce1886a55f2
Breakfast Items,Acai,/menu/Kettering/kettering/bath-road-convenience-store-kettering/?geohash=gcr6pmnt52wh&category_id=134052654&source=top_level&linked_request_uuid=14f42578-6052-4c89-a339-6f7ca2f4792c
Breakfast Items,Acai,/menu/Kettering/kettering/bath-road-convenience-store-kettering/?geohash=gcr6pmnt52wh&category_id=134052654&source=top_level&linked_request_uuid=14f42578-6052-4c89-a339-6f7ca2f4792c
Breakfast Items,Acai,/menu/Kettering/kettering/bath-road-convenience-store-kettering/?geohash=gcr6pmnt52wh&category_id=134052654&source=top_level&linked_request_uuid=14f42578-6052-4c89-a339-6f7ca2f4792c
Breakfast Items,Acai,/menu/Kettering/kettering/bath-road-convenience-store-kettering/?geohash=gcr6pmnt52wh&category_id=134052654&source=top_level&linked_request_uuid=14f42578-6052-4c89-a339-6f7ca2f4792c
Breakfast Items,Acai,/menu/Kettering/kettering/bath-road-convenience-store-kettering/?geohash=gcr6pmnt52wh&category_id=134052654&source=top_level&linked_request_uuid=14f42578-6052-4c89-a339-6f7ca2f4792c
Breakfast Items,Acai,/menu/Kettering/kettering/bath-road-convenience-store-kettering/?geohash=gcr6pmnt52wh&category_id=134052654&source=top_level&linked_request_uuid=14f42578-6052-4c89-a339-6f7ca2f4792c
Breakfast Items,Acai,/menu/Kettering/kettering/bath-road-convenience-store-kettering/?geohash=gcr6pmnt52wh&category_id=134052654&source=top_level&linked_request_uuid=14f42578-6052-4c89-a339-6f7ca2f4792c
Breakfast Items,Acai,/menu/Kettering/kettering/bath-road-convenience-store-kettering/?geohash=gcr6pmnt52wh&category_id=134052654&source=top_level&linked_request_uuid=14f42578-6052-4c89-a339-6f7ca2f4792c
Breakfast Items,Acai,/menu/Kettering/kettering/bath-road-convenience-store-kettering/?geohash=gcr6pmnt52wh&category_id=134052654&source=top_level&linked_request_uuid=14f42578-6052-4c89-a339-6f7ca2f4792c
Breakfast Items,Acai,/menu/Kettering/kettering/bath-road-convenience-store-kettering/?geohash=gcr6pmnt52wh&category_id=134052654&source=top_level&linked_request_uuid=14f42578-6052-4c89-a339-6f7ca2f4792c
Breakfast Items,Acai,/menu/Kettering/kettering/bath-road-convenience-store-kettering/?geohash=gcr6pmnt52wh&category_id=134052654&source=top_level&linked_request_uuid=14f42578-6052-4c89-a339-6f7ca2f4792c
Breakfast Items,Acai,/menu/Kettering/kettering/bath-road-convenience-store-kettering/?geohash=gcr6pmnt52wh&category_id=134052654&source=top_level&linked_request_uuid=14f42578-6052-4c89-a339-6f7ca2f4792c
Breakfast Items,Acai,/menu/Kettering/kettering/bath-road-convenience-store-kettering/?geohash=gcr6pmnt52wh&category_id=134052654&source=top_level&linked_request_uuid=14f42578-6052-4c89-a339-6f7ca2f4792c
Breakfast Items,Acai,/menu/Kettering/kettering/bath-road-convenience-store-kettering/?geohash=gcr6pmnt52wh&category_id=134052654&source=top_level&linked_request_uuid=14f42578-6052-4c89-a339-6f7ca2f4792c
Breakfast Items,Acai,/menu/Kettering/kettering/bath-road-convenience-store-kettering/?geohash=gcr6pmnt52wh&category_id=134052654&source=top_level&linked_request_uuid=14f42578-6052-4c89-a339-6f7ca2f4792c
Breakfast Items,Acai,/menu/Kettering/kettering/bath-road-convenience-store-kettering/?geohash=gcr6pmnt52wh&category_id=134052654&source=top_level&linked_request_uuid=14f42578-6052-4c89-a339-6f7ca2f4792c
Breakfast Items,Acai,/menu/Kettering/kettering/bath-road-convenience-store-kettering/?geohash=gcr6pmnt52wh&category_id=134052654&source=top_level&linked_request_uuid=14f42578-6052-4c89-a339-6f7ca2f4792c
Breakfast Items,Acai,/menu/Kettering/kettering/bath-road-convenience-store-kettering/?geohash=gcr6pmnt52wh&category_id=134052654&source=top_level&linked_request_uuid=14f42578-6052-4c89-a339-6f7ca2f4792c
Breakfast Items,Acai,/menu/Kettering/kettering/bath-road-convenience-store-kettering/?geohash=gcr6pmnt52wh&category_id=134052654&source=top_level&linked_request_uuid=14f42578-6052-4c89-a339-6f7ca2f4792c
Breakfast Items,Acai,/menu/Kettering/kettering/bath-road-convenience-store-kettering/?geohash=gcr6pmnt52wh&category_id=134052654&source=top_level&linked_request_uuid=14f42578-6052-4c89-a339-6f7ca2f4792c
Breakfast Items,Acai,/menu/Kettering/kettering/bath-road-convenience-store-kettering/?geohash=gcr6pmnt52wh&category_id=134052654&source=top_level&linked_request_uuid=14f42578-6052-4c89-a339-6f7ca2f4792c
Juices,Alcohol,/menu/Kettering/kettering/rvk-stores-kettering/?geohash=gcr6pmnt52wh&category_id=142133714&source=top_level&linked_request_uuid=a8bcf5b0-2c17-46f3-9ba6-6c7fc2d0a665
Juices,Alcohol,/menu/Kettering/kettering/rvk-stores-kettering/?geohash=gcr6pmnt52wh&category_id=142133714&source=top_level&linked_request_uuid=a8bcf5b0-2c17-46f3-9ba6-6c7fc2d0a665
Juices,Alcohol,/menu/Kettering/kettering/rvk-stores-kettering/?geohash=gcr6pmnt52wh&category_id=142133714&source=top_level&linked_request_uuid=a8bcf5b0-2c17-46f3-9ba6-6c7fc2d0a665
Juices,Alcohol,/menu/Kettering/kettering/rvk-stores-kettering/?geohash=gcr6pmnt52wh&category_id=142133714&source=top_level&linked_request_uuid=a8bcf5b0-2c17-46f3-9ba6-6c7fc2d0a665
Juices,Alcohol,/menu/Kettering/kettering/rvk-stores-kettering/?geohash=gcr6pmnt52wh&category_id=142133714&source=top_level&linked_request_uuid=a8bcf5b0-2c17-46f3-9ba6-6c7fc2d0a665
Juices,Alcohol,/menu/Kettering/kettering/rvk-stores-kettering/?geohash=gcr6pmnt52wh&category_id=142133714&source=top_level&linked_request_uuid=a8bcf5b0-2c17-46f3-9ba6-6c7fc2d0a665
Juices,Alcohol,/menu/Kettering/kettering/rvk-stores-kettering/?geohash=gcr6pmnt52wh&category_id=142133714&source=top_level&linked_request_uuid=a8bcf5b0-2c17-46f3-9ba6-6c7fc2d0a665
Juices,Alcohol,/menu/Kettering/kettering/rvk-stores-kettering/?geohash=gcr6pmnt52wh&category_id=142133714&source=top_level&linked_request_uuid=a8bcf5b0-2c17-46f3-9ba6-6c7fc2d0a665
Sweets and Treats,Alcohol,/menu/Kettering/kettering/pauls-stop-n-shop/?geohash=gcr6pmnt52wh&category_id=166092587&source=top_level&linked_request_uuid=5ce6c793-a3d3-4e5d-af1f-fd1aff6de286
Sweets and Treats,Alcohol,/menu/Kettering/kettering/pauls-stop-n-shop/?geohash=gcr6pmnt52wh&category_id=166092587&source=top_level&linked_request_uuid=5ce6c793-a3d3-4e5d-af1f-fd1aff6de286
Sweets and Treats,Alcohol,/menu/Kettering/kettering/pauls-stop-n-shop/?geohash=gcr6pmnt52wh&category_id=166092587&source=top_level&linked_request_uuid=5ce6c793-a3d3-4e5d-af1f-fd1aff6de286
Sweets and Treats,Alcohol,/menu/Kettering/kettering/pauls-stop-n-shop/?geohash=gcr6pmnt52wh&category_id=166092587&source=top_level&linked_request_uuid=5ce6c793-a3d3-4e5d-af1f-fd1aff6de286
Sweets and Treats,Alcohol,/menu/Kettering/kettering/pauls-stop-n-shop/?geohash=gcr6pmnt52wh&category_id=166092587&source=top_level&linked_request_uuid=5ce6c793-a3d3-4e5d-af1f-fd1aff6de286
Sweets and Treats,Alcohol,/menu/Kettering/kettering/pauls-stop-n-shop/?geohash=gcr6pmnt52wh&category_id=166092587&source=top_level&linked_request_uuid=5ce6c793-a3d3-4e5d-af1f-fd1aff6de286
Sweets and Treats,Alcohol,/menu/Kettering/kettering/pauls-stop-n-shop/?geohash=gcr6pmnt52wh&category_id=166092587&source=top_level&linked_request_uuid=5ce6c793-a3d3-4e5d-af1f-fd1aff6de286
Sweets and Treats,Alcohol,/menu/Kettering/kettering/pauls-stop-n-shop/?geohash=gcr6pmnt52wh&category_id=166092587&source=top_level&linked_request_uuid=5ce6c793-a3d3-4e5d-af1f-fd1aff6de286
Sweets and Treats,Alcohol,/menu/Kettering/kettering/pauls-stop-n-shop/?geohash=gcr6pmnt52wh&category_id=166092587&source=top_level&linked_request_uuid=5ce6c793-a3d3-4e5d-af1f-fd1aff6de286
Sweets and Treats,Alcohol,/menu/Kettering/kettering/pauls-stop-n-shop/?geohash=gcr6pmnt52wh&category_id=166092587&source=top_level&linked_request_uuid=5ce6c793-a3d3-4e5d-af1f-fd1aff6de286
Dairy & Bread,British,/menu/Kettering/kettering/kettering-stores/?geohash=gcr6pmnt52wh&category_id=142497346&source=top_level&linked_request_uuid=8fb9ccfc-11f0-411f-ba0e-21174df140dc
Dairy & Bread,British,/menu/Kettering/kettering/kettering-stores/?geohash=gcr6pmnt52wh&category_id=142497346&source=top_level&linked_request_uuid=8fb9ccfc-11f0-411f-ba0e-21174df140dc
Dairy & Bread,British,/menu/Kettering/kettering/kettering-stores/?geohash=gcr6pmnt52wh&category_id=142497346&source=top_level&linked_request_uuid=8fb9ccfc-11f0-411f-ba0e-21174df140dc
Dairy & Bread,British,/menu/Kettering/kettering/kettering-stores/?geohash=gcr6pmnt52wh&category_id=142497346&source=top_level&linked_request_uuid=8fb9ccfc-11f0-411f-ba0e-21174df140dc
Dairy & Bread,British,/menu/Kettering/kettering/kettering-stores/?geohash=gcr6pmnt52wh&category_id=142497346&source=top_level&linked_request_uuid=8fb9ccfc-11f0-411f-ba0e-21174df140dc
Dairy & Bread,British,/menu/Kettering/kettering/kettering-stores/?geohash=gcr6pmnt52wh&category_id=142497346&source=top_level&linked_request_uuid=8fb9ccfc-11f0-411f-ba0e-21174df140dc
Dairy & Bread,British,/menu/Kettering/kettering/kettering-stores/?geohash=gcr6pmnt52wh&category_id=142497346&source=top_level&linked_request_uuid=8fb9ccfc-11f0-411f-ba0e-21174df140dc
Dairy & Bread,British,/menu/Kettering/kettering/kettering-stores/?geohash=gcr6pmnt52wh&category_id=142497346&source=top_level&linked_request_uuid=8fb9ccfc-11f0-411f-ba0e-21174df140dc
Dairy & Bread,British,/menu/Kettering/kettering/kettering-stores/?geohash=gcr6pmnt52wh&category_id=142497346&source=top_level&linked_request_uuid=8fb9ccfc-11f0-411f-ba0e-21174df140dc
Dairy & Bread,British,/menu/Kettering/kettering/kettering-stores/?geohash=gcr6pmnt52wh&category_id=142497346&source=top_level&linked_request_uuid=8fb9ccfc-11f0-411f-ba0e-21174df140dc
Dairy & Bread,British,/menu/Kettering/kettering/kettering-stores/?geohash=gcr6pmnt52wh&category_id=142497346&source=top_level&linked_request_uuid=8fb9ccfc-11f0-411f-ba0e-21174df140dc
Cigarettes & Tobacco Products,Drinks,/menu/Kettering/ptychley/jmd-news-food-and-wine/?geohash=gcr6pmnt52wh&category_id=145548763&source=top_level&linked_request_uuid=a9f5bc82-2610-4ea7-89a5-febfdd2b1eae
Cigarettes & Tobacco Products,Drinks,/menu/Kettering/ptychley/jmd-news-food-and-wine/?geohash=gcr6pmnt52wh&category_id=145548763&source=top_level&linked_request_uuid=a9f5bc82-2610-4ea7-89a5-febfdd2b1eae
Cigarettes & Tobacco Products,Drinks,/menu/Kettering/ptychley/jmd-news-food-and-wine/?geohash=gcr6pmnt52wh&category_id=145548763&source=top_level&linked_request_uuid=a9f5bc82-2610-4ea7-89a5-febfdd2b1eae
Cigarettes & Tobacco Products,Drinks,/menu/Kettering/ptychley/jmd-news-food-and-wine/?geohash=gcr6pmnt52wh&category_id=145548763&source=top_level&linked_request_uuid=a9f5bc82-2610-4ea7-89a5-febfdd2b1eae
Cigarettes & Tobacco Products,Drinks,/menu/Kettering/ptychley/jmd-news-food-and-wine/?geohash=gcr6pmnt52wh&category_id=145548763&source=top_level&linked_request_uuid=a9f5bc82-2610-4ea7-89a5-febfdd2b1eae
Cigarettes & Tobacco Products,Drinks,/menu/Kettering/ptychley/jmd-news-food-and-wine/?geohash=gcr6pmnt52wh&category_id=145548763&source=top_level&linked_request_uuid=a9f5bc82-2610-4ea7-89a5-febfdd2b1eae
Cigarettes & Tobacco Products,Drinks,/menu/Kettering/ptychley/jmd-news-food-and-wine/?geohash=gcr6pmnt52wh&category_id=145548763&source=top_level&linked_request_uuid=a9f5bc82-2610-4ea7-89a5-febfdd2b1eae
Cigarettes & Tobacco Products,Drinks,/menu/Kettering/ptychley/jmd-news-food-and-wine/?geohash=gcr6pmnt52wh&category_id=145548763&source=top_level&linked_request_uuid=a9f5bc82-2610-4ea7-89a5-febfdd2b1eae
Cigarettes & Tobacco Products,Drinks,/menu/Kettering/ptychley/jmd-news-food-and-wine/?geohash=gcr6pmnt52wh&category_id=145548763&source=top_level&linked_request_uuid=a9f5bc82-2610-4ea7-89a5-febfdd2b1eae
Cigarettes & Tobacco Products,Drinks,/menu/Kettering/ptychley/jmd-news-food-and-wine/?geohash=gcr6pmnt52wh&category_id=145548763&source=top_level&linked_request_uuid=a9f5bc82-2610-4ea7-89a5-febfdd2b1eae
Cigarettes & Tobacco Products,Drinks,/menu/Kettering/ptychley/jmd-news-food-and-wine/?geohash=gcr6pmnt52wh&category_id=145548763&source=top_level&linked_request_uuid=a9f5bc82-2610-4ea7-89a5-febfdd2b1eae
Cigarettes & Tobacco Products,Drinks,/menu/Kettering/ptychley/jmd-news-food-and-wine/?geohash=gcr6pmnt52wh&category_id=145548763&source=top_level&linked_request_uuid=a9f5bc82-2610-4ea7-89a5-febfdd2b1eae
Cigarettes & Tobacco Products,Drinks,/menu/Kettering/ptychley/jmd-news-food-and-wine/?geohash=gcr6pmnt52wh&category_id=145548763&source=top_level&linked_request_uuid=a9f5bc82-2610-4ea7-89a5-febfdd2b1eae
Cigarettes & Tobacco Products,Drinks,/menu/Kettering/ptychley/jmd-news-food-and-wine/?geohash=gcr6pmnt52wh&category_id=145548763&source=top_level&linked_request_uuid=a9f5bc82-2610-4ea7-89a5-febfdd2b1eae
Cigarettes & Tobacco Products,Drinks,/menu/Kettering/ptychley/jmd-news-food-and-wine/?geohash=gcr6pmnt52wh&category_id=145548763&source=top_level&linked_request_uuid=a9f5bc82-2610-4ea7-89a5-febfdd2b1eae
Cigarettes & Tobacco Products,Drinks,/menu/Kettering/ptychley/jmd-news-food-and-wine/?geohash=gcr6pmnt52wh&category_id=145548763&source=top_level&linked_request_uuid=a9f5bc82-2610-4ea7-89a5-febfdd2b1eae
Cigarettes & Tobacco Products,Drinks,/menu/Kettering/ptychley/jmd-news-food-and-wine/?geohash=gcr6pmnt52wh&category_id=145548763&source=top_level&linked_request_uuid=a9f5bc82-2610-4ea7-89a5-febfdd2b1eae
Cigarettes & Tobacco Products,Drinks,/menu/Kettering/ptychley/jmd-news-food-and-wine/?geohash=gcr6pmnt52wh&category_id=145548763&source=top_level&linked_request_uuid=a9f5bc82-2610-4ea7-89a5-febfdd2b1eae
Cigarettes & Tobacco Products,Drinks,/menu/Kettering/ptychley/jmd-news-food-and-wine/?geohash=gcr6pmnt52wh&category_id=145548763&source=top_level&linked_request_uuid=a9f5bc82-2610-4ea7-89a5-febfdd2b1eae
Cigarettes & Tobacco Products,Drinks,/menu/Kettering/ptychley/jmd-news-food-and-wine/?geohash=gcr6pmnt52wh&category_id=145548763&source=top_level&linked_request_uuid=a9f5bc82-2610-4ea7-89a5-febfdd2b1eae
Cigarettes & Tobacco Products,Drinks,/menu/Kettering/ptychley/jmd-news-food-and-wine/?geohash=gcr6pmnt52wh&category_id=145548763&source=top_level&linked_request_uuid=a9f5bc82-2610-4ea7-89a5-febfdd2b1eae
