CATEGORY NAME,RESTUARANT URL,DELIVERY RADIUS
BACK TO SCHOOL,https://deliveroo.co.uk/menu/Kettering/brambleside/central-england-co-op-kettering-hallwood-road?day=today&geohash=gcr6pmnt52wh&time=ASAP,0.20
BATTERIES,https://deliveroo.co.uk/menu/Kettering/brambleside/central-england-co-op-kettering-hallwood-road?day=today&geohash=gcr6pmnt52wh&time=ASAP,0.20
CIGARETTES & TOBACCO,https://deliveroo.co.uk/menu/Kettering/brambleside/central-england-co-op-kettering-hallwood-road?day=today&geohash=gcr6pmnt52wh&time=ASAP,0.20
VAPING,https://deliveroo.co.uk/menu/Kettering/brambleside/central-england-co-op-kettering-hallwood-road?day=today&geohash=gcr6pmnt52wh&time=ASAP,0.20
"BEER, LAGER & ALES",https://deliveroo.co.uk/menu/Kettering/brambleside/central-england-co-op-kettering-hallwood-road?day=today&geohash=gcr6pmnt52wh&time=ASAP,0.20
ALCOHOL FREE,https://deliveroo.co.uk/menu/Kettering/brambleside/central-england-co-op-kettering-hallwood-road?day=today&geohash=gcr6pmnt52wh&time=ASAP,0.20
COCKTAILS,https://deliveroo.co.uk/menu/Kettering/brambleside/central-england-co-op-kettering-hallwood-road?day=today&geohash=gcr6pmnt52wh&time=ASAP,0.20
SPIRITS,https://deliveroo.co.uk/menu/Kettering/brambleside/central-england-co-op-kettering-hallwood-road?day=today&geohash=gcr6pmnt52wh&time=ASAP,0.20
RED WINE,https://deliveroo.co.uk/menu/Kettering/brambleside/central-england-co-op-kettering-hallwood-road?day=today&geohash=gcr6pmnt52wh&time=ASAP,0.20
WHITE & ROSE WINE,https://deliveroo.co.uk/menu/Kettering/brambleside/central-england-co-op-kettering-hallwood-road?day=today&geohash=gcr6pmnt52wh&time=ASAP,0.20
SOFT DRINKS,https://deliveroo.co.uk/menu/Kettering/brambleside/central-england-co-op-kettering-hallwood-road?day=today&geohash=gcr6pmnt52wh&time=ASAP,0.20
SANDWICHES & SNACKS,https://deliveroo.co.uk/menu/Kettering/brambleside/central-england-co-op-kettering-hallwood-road?day=today&geohash=gcr6pmnt52wh&time=ASAP,0.20
PIES & QUICHE,https://deliveroo.co.uk/menu/Kettering/brambleside/central-england-co-op-kettering-hallwood-road?day=today&geohash=gcr6pmnt52wh&time=ASAP,0.20
SALADS & DIPS,https://deliveroo.co.uk/menu/Kettering/brambleside/central-england-co-op-kettering-hallwood-road?day=today&geohash=gcr6pmnt52wh&time=ASAP,0.20
FRESH PIZZA,https://deliveroo.co.uk/menu/Kettering/brambleside/central-england-co-op-kettering-hallwood-road?day=today&geohash=gcr6pmnt52wh&time=ASAP,0.20
FRESH READY MEALS,https://deliveroo.co.uk/menu/Kettering/brambleside/central-england-co-op-kettering-hallwood-road?day=today&geohash=gcr6pmnt52wh&time=ASAP,0.20
FRESH MEAT & FISH,https://deliveroo.co.uk/menu/Kettering/brambleside/central-england-co-op-kettering-hallwood-road?day=today&geohash=gcr6pmnt52wh&time=ASAP,0.20
VEGETABLES & POTATOES,https://deliveroo.co.uk/menu/Kettering/brambleside/central-england-co-op-kettering-hallwood-road?day=today&geohash=gcr6pmnt52wh&time=ASAP,0.20
FRUIT,https://deliveroo.co.uk/menu/Kettering/brambleside/central-england-co-op-kettering-hallwood-road?day=today&geohash=gcr6pmnt52wh&time=ASAP,0.20
SALAD,https://deliveroo.co.uk/menu/Kettering/brambleside/central-england-co-op-kettering-hallwood-road?day=today&geohash=gcr6pmnt52wh&time=ASAP,0.20
MILK & CREAM,https://deliveroo.co.uk/menu/Kettering/brambleside/central-england-co-op-kettering-hallwood-road?day=today&geohash=gcr6pmnt52wh&time=ASAP,0.20
CHEESE,https://deliveroo.co.uk/menu/Kettering/brambleside/central-england-co-op-kettering-hallwood-road?day=today&geohash=gcr6pmnt52wh&time=ASAP,0.20
YOGURTS & DESSERTS,https://deliveroo.co.uk/menu/Kettering/brambleside/central-england-co-op-kettering-hallwood-road?day=today&geohash=gcr6pmnt52wh&time=ASAP,0.20
BUTTER & SPREADS,https://deliveroo.co.uk/menu/Kettering/brambleside/central-england-co-op-kettering-hallwood-road?day=today&geohash=gcr6pmnt52wh&time=ASAP,0.20
FRESH JUICE,https://deliveroo.co.uk/menu/Kettering/brambleside/central-england-co-op-kettering-hallwood-road?day=today&geohash=gcr6pmnt52wh&time=ASAP,0.20
COOKED MEAT,https://deliveroo.co.uk/menu/Kettering/brambleside/central-england-co-op-kettering-hallwood-road?day=today&geohash=gcr6pmnt52wh&time=ASAP,0.20
BREAD & MORNING GOODS,https://deliveroo.co.uk/menu/Kettering/brambleside/central-england-co-op-kettering-hallwood-road?day=today&geohash=gcr6pmnt52wh&time=ASAP,0.20
CAKE,https://deliveroo.co.uk/menu/Kettering/brambleside/central-england-co-op-kettering-hallwood-road?day=today&geohash=gcr6pmnt52wh&time=ASAP,0.20
BISCUITS,https://deliveroo.co.uk/menu/Kettering/brambleside/central-england-co-op-kettering-hallwood-road?day=today&geohash=gcr6pmnt52wh&time=ASAP,0.20
CHOCOLATE & SWEETS,https://deliveroo.co.uk/menu/Kettering/brambleside/central-england-co-op-kettering-hallwood-road?day=today&geohash=gcr6pmnt52wh&time=ASAP,0.20
"CRISPS, SNACKS & NUTS",https://deliveroo.co.uk/menu/Kettering/brambleside/central-england-co-op-kettering-hallwood-road?day=today&geohash=gcr6pmnt52wh&time=ASAP,0.20
CEREAL & BREAKFAST BARS,https://deliveroo.co.uk/menu/Kettering/brambleside/central-england-co-op-kettering-hallwood-road?day=today&geohash=gcr6pmnt52wh&time=ASAP,0.20
TEA & COFFEE,https://deliveroo.co.uk/menu/Kettering/brambleside/central-england-co-op-kettering-hallwood-road?day=today&geohash=gcr6pmnt52wh&time=ASAP,0.20
"TINS, JARS & PACKETS",https://deliveroo.co.uk/menu/Kettering/brambleside/central-england-co-op-kettering-hallwood-road?day=today&geohash=gcr6pmnt52wh&time=ASAP,0.20
WORLD FOODS,https://deliveroo.co.uk/menu/Kettering/brambleside/central-england-co-op-kettering-hallwood-road?day=today&geohash=gcr6pmnt52wh&time=ASAP,0.20
CUPBOARD STAPLES,https://deliveroo.co.uk/menu/Kettering/brambleside/central-england-co-op-kettering-hallwood-road?day=today&geohash=gcr6pmnt52wh&time=ASAP,0.20
HOME BAKING & DESSERTS,https://deliveroo.co.uk/menu/Kettering/brambleside/central-england-co-op-kettering-hallwood-road?day=today&geohash=gcr6pmnt52wh&time=ASAP,0.20
EGGS,https://deliveroo.co.uk/menu/Kettering/brambleside/central-england-co-op-kettering-hallwood-road?day=today&geohash=gcr6pmnt52wh&time=ASAP,0.20
ICE CREAM & DESSERTS,https://deliveroo.co.uk/menu/Kettering/brambleside/central-england-co-op-kettering-hallwood-road?day=today&geohash=gcr6pmnt52wh&time=ASAP,0.20
FROZEN FOOD,https://deliveroo.co.uk/menu/Kettering/brambleside/central-england-co-op-kettering-hallwood-road?day=today&geohash=gcr6pmnt52wh&time=ASAP,0.20
FRESH CUT FLOWERS,https://deliveroo.co.uk/menu/Kettering/brambleside/central-england-co-op-kettering-hallwood-road?day=today&geohash=gcr6pmnt52wh&time=ASAP,0.20
TOILET ROLL & KITCHEN ROLL,https://deliveroo.co.uk/menu/Kettering/brambleside/central-england-co-op-kettering-hallwood-road?day=today&geohash=gcr6pmnt52wh&time=ASAP,0.20
"LAUNDRY, CLEANING & HOUSEHOLD",https://deliveroo.co.uk/menu/Kettering/brambleside/central-england-co-op-kettering-hallwood-road?day=today&geohash=gcr6pmnt52wh&time=ASAP,0.20
PET FOOD,https://deliveroo.co.uk/menu/Kettering/brambleside/central-england-co-op-kettering-hallwood-road?day=today&geohash=gcr6pmnt52wh&time=ASAP,0.20
BABY,https://deliveroo.co.uk/menu/Kettering/brambleside/central-england-co-op-kettering-hallwood-road?day=today&geohash=gcr6pmnt52wh&time=ASAP,0.20
TOILETRIES,https://deliveroo.co.uk/menu/Kettering/brambleside/central-england-co-op-kettering-hallwood-road?day=today&geohash=gcr6pmnt52wh&time=ASAP,0.20
HEALTH CARE,https://deliveroo.co.uk/menu/Kettering/brambleside/central-england-co-op-kettering-hallwood-road?day=today&geohash=gcr6pmnt52wh&time=ASAP,0.20
Pay In-Store Prices,https://deliveroo.co.uk/menu/Kettering/kettering/4436-asda-kettering?day=today&geohash=gcr6pmnt52wh&time=ASAP,N/A
University Ready,https://deliveroo.co.uk/menu/Kettering/kettering/4436-asda-kettering?day=today&geohash=gcr6pmnt52wh&time=ASAP,N/A
Fresh & Frozen Food £2 & Under,https://deliveroo.co.uk/menu/Kettering/kettering/4436-asda-kettering?day=today&geohash=gcr6pmnt52wh&time=ASAP,N/A
Food Cupboard £2 & Under,https://deliveroo.co.uk/menu/Kettering/kettering/4436-asda-kettering?day=today&geohash=gcr6pmnt52wh&time=ASAP,N/A
Household £2 & Under,https://deliveroo.co.uk/menu/Kettering/kettering/4436-asda-kettering?day=today&geohash=gcr6pmnt52wh&time=ASAP,N/A
Easy Meals Under £4,https://deliveroo.co.uk/menu/Kettering/kettering/4436-asda-kettering?day=today&geohash=gcr6pmnt52wh&time=ASAP,N/A
Wine,https://deliveroo.co.uk/menu/Kettering/kettering/4436-asda-kettering?day=today&geohash=gcr6pmnt52wh&time=ASAP,N/A
Spirits,https://deliveroo.co.uk/menu/Kettering/kettering/4436-asda-kettering?day=today&geohash=gcr6pmnt52wh&time=ASAP,N/A
"Beer, Lager & Cider",https://deliveroo.co.uk/menu/Kettering/kettering/4436-asda-kettering?day=today&geohash=gcr6pmnt52wh&time=ASAP,N/A
Ready to Drink & Cocktails,https://deliveroo.co.uk/menu/Kettering/kettering/4436-asda-kettering?day=today&geohash=gcr6pmnt52wh&time=ASAP,N/A
Ice Cream & Ice Lollies,https://deliveroo.co.uk/menu/Kettering/kettering/4436-asda-kettering?day=today&geohash=gcr6pmnt52wh&time=ASAP,N/A
Soft Drinks,https://deliveroo.co.uk/menu/Kettering/kettering/4436-asda-kettering?day=today&geohash=gcr6pmnt52wh&time=ASAP,N/A
"Tea, Coffee & Hot Chocolate",https://deliveroo.co.uk/menu/Kettering/kettering/4436-asda-kettering?day=today&geohash=gcr6pmnt52wh&time=ASAP,N/A
Energy Drinks,https://deliveroo.co.uk/menu/Kettering/kettering/4436-asda-kettering?day=today&geohash=gcr6pmnt52wh&time=ASAP,N/A
"Chilled Juice,Ice Coffee & Smoothies",https://deliveroo.co.uk/menu/Kettering/kettering/4436-asda-kettering?day=today&geohash=gcr6pmnt52wh&time=ASAP,N/A
Water & Squash,https://deliveroo.co.uk/menu/Kettering/kettering/4436-asda-kettering?day=today&geohash=gcr6pmnt52wh&time=ASAP,N/A
Household and DIY,https://deliveroo.co.uk/menu/Kettering/kettering/4436-asda-kettering?day=today&geohash=gcr6pmnt52wh&time=ASAP,N/A
Kitchen & Tupperware,https://deliveroo.co.uk/menu/Kettering/kettering/4436-asda-kettering?day=today&geohash=gcr6pmnt52wh&time=ASAP,N/A
Breakfast,https://deliveroo.co.uk/menu/Kettering/kettering/4436-asda-kettering?day=today&geohash=gcr6pmnt52wh&time=ASAP,N/A
Lunch on the Go,https://deliveroo.co.uk/menu/Kettering/kettering/4436-asda-kettering?day=today&geohash=gcr6pmnt52wh&time=ASAP,N/A
Fruit,https://deliveroo.co.uk/menu/Kettering/kettering/4436-asda-kettering?day=today&geohash=gcr6pmnt52wh&time=ASAP,N/A
"Salads, Stir Fry & Dressings",https://deliveroo.co.uk/menu/Kettering/kettering/4436-asda-kettering?day=today&geohash=gcr6pmnt52wh&time=ASAP,N/A
Vegetables & Potatoes,https://deliveroo.co.uk/menu/Kettering/kettering/4436-asda-kettering?day=today&geohash=gcr6pmnt52wh&time=ASAP,N/A
Bread & Bread Rolls,https://deliveroo.co.uk/menu/Kettering/kettering/4436-asda-kettering?day=today&geohash=gcr6pmnt52wh&time=ASAP,N/A
Instore Bakery,https://deliveroo.co.uk/menu/Kettering/kettering/4436-asda-kettering?day=today&geohash=gcr6pmnt52wh&time=ASAP,N/A
"Bagels, Wraps & Thins",https://deliveroo.co.uk/menu/Kettering/kettering/4436-asda-kettering?day=today&geohash=gcr6pmnt52wh&time=ASAP,N/A
"Party Cakes, Cakes & Cupcakes",https://deliveroo.co.uk/menu/Kettering/kettering/4436-asda-kettering?day=today&geohash=gcr6pmnt52wh&time=ASAP,N/A
"Milk, Cream & Milk Alternatives",https://deliveroo.co.uk/menu/Kettering/kettering/4436-asda-kettering?day=today&geohash=gcr6pmnt52wh&time=ASAP,N/A
Butter & Eggs,https://deliveroo.co.uk/menu/Kettering/kettering/4436-asda-kettering?day=today&geohash=gcr6pmnt52wh&time=ASAP,N/A
Cheese,https://deliveroo.co.uk/menu/Kettering/kettering/4436-asda-kettering?day=today&geohash=gcr6pmnt52wh&time=ASAP,N/A
Yogurts & Desserts,https://deliveroo.co.uk/menu/Kettering/kettering/4436-asda-kettering?day=today&geohash=gcr6pmnt52wh&time=ASAP,N/A
"Deli, Dips and Snacking",https://deliveroo.co.uk/menu/Kettering/kettering/4436-asda-kettering?day=today&geohash=gcr6pmnt52wh&time=ASAP,N/A
Cooked Meat,https://deliveroo.co.uk/menu/Kettering/kettering/4436-asda-kettering?day=today&geohash=gcr6pmnt52wh&time=ASAP,N/A
Chicken & Turkey,https://deliveroo.co.uk/menu/Kettering/kettering/4436-asda-kettering?day=today&geohash=gcr6pmnt52wh&time=ASAP,N/A
"Pork, Beef & Lamb",https://deliveroo.co.uk/menu/Kettering/kettering/4436-asda-kettering?day=today&geohash=gcr6pmnt52wh&time=ASAP,N/A
Bacon & Sausages,https://deliveroo.co.uk/menu/Kettering/kettering/4436-asda-kettering?day=today&geohash=gcr6pmnt52wh&time=ASAP,N/A
Fish,https://deliveroo.co.uk/menu/Kettering/kettering/4436-asda-kettering?day=today&geohash=gcr6pmnt52wh&time=ASAP,N/A
Frozen Meat & Meat Alternatives,https://deliveroo.co.uk/menu/Kettering/kettering/4436-asda-kettering?day=today&geohash=gcr6pmnt52wh&time=ASAP,N/A
"Frozen Chips, Veg & Party Food",https://deliveroo.co.uk/menu/Kettering/kettering/4436-asda-kettering?day=today&geohash=gcr6pmnt52wh&time=ASAP,N/A
Air Fryer Favourites,https://deliveroo.co.uk/menu/Kettering/kettering/4436-asda-kettering?day=today&geohash=gcr6pmnt52wh&time=ASAP,N/A
Ready Meals & Fresh Pasta,https://deliveroo.co.uk/menu/Kettering/kettering/4436-asda-kettering?day=today&geohash=gcr6pmnt52wh&time=ASAP,N/A
Pizza & Garlic Bread,https://deliveroo.co.uk/menu/Kettering/kettering/4436-asda-kettering?day=today&geohash=gcr6pmnt52wh&time=ASAP,N/A
ASDA Fresh Counter Pizzas,https://deliveroo.co.uk/menu/Kettering/kettering/4436-asda-kettering?day=today&geohash=gcr6pmnt52wh&time=ASAP,N/A
Chocolate Bars & Pouches,https://deliveroo.co.uk/menu/Kettering/kettering/4436-asda-kettering?day=today&geohash=gcr6pmnt52wh&time=ASAP,N/A
Sweets & Chewing Gum,https://deliveroo.co.uk/menu/Kettering/kettering/4436-asda-kettering?day=today&geohash=gcr6pmnt52wh&time=ASAP,N/A
Boxed Chocolates & Gifts,https://deliveroo.co.uk/menu/Kettering/kettering/4436-asda-kettering?day=today&geohash=gcr6pmnt52wh&time=ASAP,N/A
Crisps,https://deliveroo.co.uk/menu/Kettering/kettering/4436-asda-kettering?day=today&geohash=gcr6pmnt52wh&time=ASAP,N/A
Nuts & Snacking,https://deliveroo.co.uk/menu/Kettering/kettering/4436-asda-kettering?day=today&geohash=gcr6pmnt52wh&time=ASAP,N/A
Cereal & Cereal Bars,https://deliveroo.co.uk/menu/Kettering/kettering/4436-asda-kettering?day=today&geohash=gcr6pmnt52wh&time=ASAP,N/A
Biscuits & Crackers,https://deliveroo.co.uk/menu/Kettering/kettering/4436-asda-kettering?day=today&geohash=gcr6pmnt52wh&time=ASAP,N/A
"Cookies, Donuts & Cake Bars",https://deliveroo.co.uk/menu/Kettering/kettering/4436-asda-kettering?day=today&geohash=gcr6pmnt52wh&time=ASAP,N/A
Instore Bakery,https://deliveroo.co.uk/menu/Kettering/kettering/4436-asda-kettering?day=today&geohash=gcr6pmnt52wh&time=ASAP,N/A
Baking & Sugar,https://deliveroo.co.uk/menu/Kettering/kettering/4436-asda-kettering?day=today&geohash=gcr6pmnt52wh&time=ASAP,N/A
"Rice, Pasta & Noodles",https://deliveroo.co.uk/menu/Kettering/kettering/4436-asda-kettering?day=today&geohash=gcr6pmnt52wh&time=ASAP,N/A
"Tins, Jars & Packets",https://deliveroo.co.uk/menu/Kettering/kettering/4436-asda-kettering?day=today&geohash=gcr6pmnt52wh&time=ASAP,N/A
"Oil, Sauces & Ingredients",https://deliveroo.co.uk/menu/Kettering/kettering/4436-asda-kettering?day=today&geohash=gcr6pmnt52wh&time=ASAP,N/A
Free From,https://deliveroo.co.uk/menu/Kettering/kettering/4436-asda-kettering?day=today&geohash=gcr6pmnt52wh&time=ASAP,N/A
Vegan & Vegetarian,https://deliveroo.co.uk/menu/Kettering/kettering/4436-asda-kettering?day=today&geohash=gcr6pmnt52wh&time=ASAP,N/A
Cleaning,https://deliveroo.co.uk/menu/Kettering/kettering/4436-asda-kettering?day=today&geohash=gcr6pmnt52wh&time=ASAP,N/A
Laundry,https://deliveroo.co.uk/menu/Kettering/kettering/4436-asda-kettering?day=today&geohash=gcr6pmnt52wh&time=ASAP,N/A
"Toilet Roll, Kitchen Roll & Tissues",https://deliveroo.co.uk/menu/Kettering/kettering/4436-asda-kettering?day=today&geohash=gcr6pmnt52wh&time=ASAP,N/A
Baby,https://deliveroo.co.uk/menu/Kettering/kettering/4436-asda-kettering?day=today&geohash=gcr6pmnt52wh&time=ASAP,N/A
Pet,https://deliveroo.co.uk/menu/Kettering/kettering/4436-asda-kettering?day=today&geohash=gcr6pmnt52wh&time=ASAP,N/A
E-Cigarettes & Tobacco,https://deliveroo.co.uk/menu/Kettering/kettering/4436-asda-kettering?day=today&geohash=gcr6pmnt52wh&time=ASAP,N/A
Toiletries,https://deliveroo.co.uk/menu/Kettering/kettering/4436-asda-kettering?day=today&geohash=gcr6pmnt52wh&time=ASAP,N/A
Health & Wellbeing,https://deliveroo.co.uk/menu/Kettering/kettering/4436-asda-kettering?day=today&geohash=gcr6pmnt52wh&time=ASAP,N/A
Flowers,https://deliveroo.co.uk/menu/Kettering/kettering/4436-asda-kettering?day=today&geohash=gcr6pmnt52wh&time=ASAP,N/A
Star Offers,https://deliveroo.co.uk/menu/Kettering/brambleside/one-stop-brambleside?day=today&geohash=gcr6pmnt52wh&time=ASAP,N/A
Back to School,https://deliveroo.co.uk/menu/Kettering/brambleside/one-stop-brambleside?day=today&geohash=gcr6pmnt52wh&time=ASAP,N/A
Summer Sizzlers,https://deliveroo.co.uk/menu/Kettering/brambleside/one-stop-brambleside?day=today&geohash=gcr6pmnt52wh&time=ASAP,N/A
Top Picks,https://deliveroo.co.uk/menu/Kettering/brambleside/one-stop-brambleside?day=today&geohash=gcr6pmnt52wh&time=ASAP,N/A
✅ Price Matched to In-Store,https://deliveroo.co.uk/menu/Kettering/brambleside/one-stop-brambleside?day=today&geohash=gcr6pmnt52wh&time=ASAP,N/A
☑️ Selected by Tesco,https://deliveroo.co.uk/menu/Kettering/brambleside/one-stop-brambleside?day=today&geohash=gcr6pmnt52wh&time=ASAP,N/A
Snacks & Treats,https://deliveroo.co.uk/menu/Kettering/brambleside/one-stop-brambleside?day=today&geohash=gcr6pmnt52wh&time=ASAP,N/A
Robinsons Fruit Ice,https://deliveroo.co.uk/menu/Kettering/brambleside/one-stop-brambleside?day=today&geohash=gcr6pmnt52wh&time=ASAP,N/A
Tango Ice Blast,https://deliveroo.co.uk/menu/Kettering/brambleside/one-stop-brambleside?day=today&geohash=gcr6pmnt52wh&time=ASAP,N/A
F'real Milkshake,https://deliveroo.co.uk/menu/Kettering/brambleside/one-stop-brambleside?day=today&geohash=gcr6pmnt52wh&time=ASAP,N/A
Costa Coffee,https://deliveroo.co.uk/menu/Kettering/brambleside/one-stop-brambleside?day=today&geohash=gcr6pmnt52wh&time=ASAP,N/A
Dunkin' Donuts,https://deliveroo.co.uk/menu/Kettering/brambleside/one-stop-brambleside?day=today&geohash=gcr6pmnt52wh&time=ASAP,N/A
Flowers,https://deliveroo.co.uk/menu/Kettering/brambleside/one-stop-brambleside?day=today&geohash=gcr6pmnt52wh&time=ASAP,N/A
Bakery,https://deliveroo.co.uk/menu/Kettering/brambleside/one-stop-brambleside?day=today&geohash=gcr6pmnt52wh&time=ASAP,N/A
Cakes,https://deliveroo.co.uk/menu/Kettering/brambleside/one-stop-brambleside?day=today&geohash=gcr6pmnt52wh&time=ASAP,N/A
Fruit & Vegetables,https://deliveroo.co.uk/menu/Kettering/brambleside/one-stop-brambleside?day=today&geohash=gcr6pmnt52wh&time=ASAP,N/A
"Fresh Meat, Fish & Poultry",https://deliveroo.co.uk/menu/Kettering/brambleside/one-stop-brambleside?day=today&geohash=gcr6pmnt52wh&time=ASAP,N/A
"Deli, Cooked Meats & Dips",https://deliveroo.co.uk/menu/Kettering/brambleside/one-stop-brambleside?day=today&geohash=gcr6pmnt52wh&time=ASAP,N/A
"Milk, Eggs, Cheese & Dairy",https://deliveroo.co.uk/menu/Kettering/brambleside/one-stop-brambleside?day=today&geohash=gcr6pmnt52wh&time=ASAP,N/A
Yogurt & Desserts,https://deliveroo.co.uk/menu/Kettering/brambleside/one-stop-brambleside?day=today&geohash=gcr6pmnt52wh&time=ASAP,N/A
Fruit Juice & Smoothies,https://deliveroo.co.uk/menu/Kettering/brambleside/one-stop-brambleside?day=today&geohash=gcr6pmnt52wh&time=ASAP,N/A
Pizza & Ready Meals,https://deliveroo.co.uk/menu/Kettering/brambleside/one-stop-brambleside?day=today&geohash=gcr6pmnt52wh&time=ASAP,N/A
"Sandwiches, Pasties and Snacking",https://deliveroo.co.uk/menu/Kettering/brambleside/one-stop-brambleside?day=today&geohash=gcr6pmnt52wh&time=ASAP,N/A
"Mints, Gum & Sweets",https://deliveroo.co.uk/menu/Kettering/brambleside/one-stop-brambleside?day=today&geohash=gcr6pmnt52wh&time=ASAP,N/A
"Chocolate Bars, Pouches & Multipacks",https://deliveroo.co.uk/menu/Kettering/brambleside/one-stop-brambleside?day=today&geohash=gcr6pmnt52wh&time=ASAP,N/A
Gifting & Celebration Ideas,https://deliveroo.co.uk/menu/Kettering/brambleside/one-stop-brambleside?day=today&geohash=gcr6pmnt52wh&time=ASAP,N/A
"Crisps, Nuts & Snacks",https://deliveroo.co.uk/menu/Kettering/brambleside/one-stop-brambleside?day=today&geohash=gcr6pmnt52wh&time=ASAP,N/A
Frozen Desserts & Ice Cream,https://deliveroo.co.uk/menu/Kettering/brambleside/one-stop-brambleside?day=today&geohash=gcr6pmnt52wh&time=ASAP,N/A
Frozen Food,https://deliveroo.co.uk/menu/Kettering/brambleside/one-stop-brambleside?day=today&geohash=gcr6pmnt52wh&time=ASAP,N/A
Breakfast Cereals & Snack Bars,https://deliveroo.co.uk/menu/Kettering/brambleside/one-stop-brambleside?day=today&geohash=gcr6pmnt52wh&time=ASAP,N/A
Biscuits & Crackers,https://deliveroo.co.uk/menu/Kettering/brambleside/one-stop-brambleside?day=today&geohash=gcr6pmnt52wh&time=ASAP,N/A
"Tea, Coffee & Hot Chocolate",https://deliveroo.co.uk/menu/Kettering/brambleside/one-stop-brambleside?day=today&geohash=gcr6pmnt52wh&time=ASAP,N/A
"Home Baking, Desserts & Spreads",https://deliveroo.co.uk/menu/Kettering/brambleside/one-stop-brambleside?day=today&geohash=gcr6pmnt52wh&time=ASAP,N/A
"Rice, Pasta & Noodles",https://deliveroo.co.uk/menu/Kettering/brambleside/one-stop-brambleside?day=today&geohash=gcr6pmnt52wh&time=ASAP,N/A
Cooking Sauces & World Foods,https://deliveroo.co.uk/menu/Kettering/brambleside/one-stop-brambleside?day=today&geohash=gcr6pmnt52wh&time=ASAP,N/A
"Tins, Jars & Packets",https://deliveroo.co.uk/menu/Kettering/brambleside/one-stop-brambleside?day=today&geohash=gcr6pmnt52wh&time=ASAP,N/A
"Sauces, Seasonings & Oils",https://deliveroo.co.uk/menu/Kettering/brambleside/one-stop-brambleside?day=today&geohash=gcr6pmnt52wh&time=ASAP,N/A
Single Soft Drinks,https://deliveroo.co.uk/menu/Kettering/brambleside/one-stop-brambleside?day=today&geohash=gcr6pmnt52wh&time=ASAP,N/A
Multipack & Sharing Soft Drinks,https://deliveroo.co.uk/menu/Kettering/brambleside/one-stop-brambleside?day=today&geohash=gcr6pmnt52wh&time=ASAP,N/A
"Squash, Cordial & Juice",https://deliveroo.co.uk/menu/Kettering/brambleside/one-stop-brambleside?day=today&geohash=gcr6pmnt52wh&time=ASAP,N/A
Water,https://deliveroo.co.uk/menu/Kettering/brambleside/one-stop-brambleside?day=today&geohash=gcr6pmnt52wh&time=ASAP,N/A
Energy Drinks,https://deliveroo.co.uk/menu/Kettering/brambleside/one-stop-brambleside?day=today&geohash=gcr6pmnt52wh&time=ASAP,N/A
Mixers and Tonics,https://deliveroo.co.uk/menu/Kettering/brambleside/one-stop-brambleside?day=today&geohash=gcr6pmnt52wh&time=ASAP,N/A
Medicines,https://deliveroo.co.uk/menu/Kettering/brambleside/one-stop-brambleside?day=today&geohash=gcr6pmnt52wh&time=ASAP,N/A
Baby,https://deliveroo.co.uk/menu/Kettering/brambleside/one-stop-brambleside?day=today&geohash=gcr6pmnt52wh&time=ASAP,N/A
"Toiletries, Health & Beauty",https://deliveroo.co.uk/menu/Kettering/brambleside/one-stop-brambleside?day=today&geohash=gcr6pmnt52wh&time=ASAP,N/A
Household & Cleaning,https://deliveroo.co.uk/menu/Kettering/brambleside/one-stop-brambleside?day=today&geohash=gcr6pmnt52wh&time=ASAP,N/A
Pet,https://deliveroo.co.uk/menu/Kettering/brambleside/one-stop-brambleside?day=today&geohash=gcr6pmnt52wh&time=ASAP,N/A
Batteries & Light Bulbs,https://deliveroo.co.uk/menu/Kettering/brambleside/one-stop-brambleside?day=today&geohash=gcr6pmnt52wh&time=ASAP,N/A
"Phone Accessories, Gadgets & Toys",https://deliveroo.co.uk/menu/Kettering/brambleside/one-stop-brambleside?day=today&geohash=gcr6pmnt52wh&time=ASAP,N/A
Stationery,https://deliveroo.co.uk/menu/Kettering/brambleside/one-stop-brambleside?day=today&geohash=gcr6pmnt52wh&time=ASAP,N/A
Vaping,https://deliveroo.co.uk/menu/Kettering/brambleside/one-stop-brambleside?day=today&geohash=gcr6pmnt52wh&time=ASAP,N/A
"Cigarettes, Tobacco & Lighters",https://deliveroo.co.uk/menu/Kettering/brambleside/one-stop-brambleside?day=today&geohash=gcr6pmnt52wh&time=ASAP,N/A
Alcoholic Multipacks,https://deliveroo.co.uk/menu/Kettering/kettering/chrysler-garage-ltd?day=today&geohash=gcr6pmnt52wh&time=ASAP,N/A
White Wine,https://deliveroo.co.uk/menu/Kettering/kettering/chrysler-garage-ltd?day=today&geohash=gcr6pmnt52wh&time=ASAP,N/A
Rosé Wine,https://deliveroo.co.uk/menu/Kettering/kettering/chrysler-garage-ltd?day=today&geohash=gcr6pmnt52wh&time=ASAP,N/A
Red Wine,https://deliveroo.co.uk/menu/Kettering/kettering/chrysler-garage-ltd?day=today&geohash=gcr6pmnt52wh&time=ASAP,N/A
Prosecco,https://deliveroo.co.uk/menu/Kettering/kettering/chrysler-garage-ltd?day=today&geohash=gcr6pmnt52wh&time=ASAP,N/A
Beer and Lager,https://deliveroo.co.uk/menu/Kettering/kettering/chrysler-garage-ltd?day=today&geohash=gcr6pmnt52wh&time=ASAP,N/A
Cider,https://deliveroo.co.uk/menu/Kettering/kettering/chrysler-garage-ltd?day=today&geohash=gcr6pmnt52wh&time=ASAP,N/A
Ale,https://deliveroo.co.uk/menu/Kettering/kettering/chrysler-garage-ltd?day=today&geohash=gcr6pmnt52wh&time=ASAP,N/A
Spirit,https://deliveroo.co.uk/menu/Kettering/kettering/chrysler-garage-ltd?day=today&geohash=gcr6pmnt52wh&time=ASAP,N/A
Premixed Drinks,https://deliveroo.co.uk/menu/Kettering/kettering/chrysler-garage-ltd?day=today&geohash=gcr6pmnt52wh&time=ASAP,N/A
Dog Food and Treats,https://deliveroo.co.uk/menu/Kettering/kettering/chrysler-garage-ltd?day=today&geohash=gcr6pmnt52wh&time=ASAP,N/A
Cat Food and Litter,https://deliveroo.co.uk/menu/Kettering/kettering/chrysler-garage-ltd?day=today&geohash=gcr6pmnt52wh&time=ASAP,N/A
Essentials,https://deliveroo.co.uk/menu/Kettering/kettering/chrysler-garage-ltd?day=today&geohash=gcr6pmnt52wh&time=ASAP,N/A
Biscuits,https://deliveroo.co.uk/menu/Kettering/kettering/chrysler-garage-ltd?day=today&geohash=gcr6pmnt52wh&time=ASAP,N/A
Grocery,https://deliveroo.co.uk/menu/Kettering/kettering/chrysler-garage-ltd?day=today&geohash=gcr6pmnt52wh&time=ASAP,N/A
"Tea's, Coffees and Choc",https://deliveroo.co.uk/menu/Kettering/kettering/chrysler-garage-ltd?day=today&geohash=gcr6pmnt52wh&time=ASAP,N/A
Table and Cooking Sauces,https://deliveroo.co.uk/menu/Kettering/kettering/chrysler-garage-ltd?day=today&geohash=gcr6pmnt52wh&time=ASAP,N/A
Cereals,https://deliveroo.co.uk/menu/Kettering/kettering/chrysler-garage-ltd?day=today&geohash=gcr6pmnt52wh&time=ASAP,N/A
Soft Drinks,https://deliveroo.co.uk/menu/Kettering/kettering/chrysler-garage-ltd?day=today&geohash=gcr6pmnt52wh&time=ASAP,N/A
Canned Soft Drinks,https://deliveroo.co.uk/menu/Kettering/kettering/chrysler-garage-ltd?day=today&geohash=gcr6pmnt52wh&time=ASAP,N/A
Energy Drinks,https://deliveroo.co.uk/menu/Kettering/kettering/chrysler-garage-ltd?day=today&geohash=gcr6pmnt52wh&time=ASAP,N/A
Large Chilled Bottles,https://deliveroo.co.uk/menu/Kettering/kettering/chrysler-garage-ltd?day=today&geohash=gcr6pmnt52wh&time=ASAP,N/A
Confectionery,https://deliveroo.co.uk/menu/Kettering/kettering/chrysler-garage-ltd?day=today&geohash=gcr6pmnt52wh&time=ASAP,N/A
Crisps,https://deliveroo.co.uk/menu/Kettering/kettering/chrysler-garage-ltd?day=today&geohash=gcr6pmnt52wh&time=ASAP,N/A
Cakes & Treats,https://deliveroo.co.uk/menu/Kettering/kettering/chrysler-garage-ltd?day=today&geohash=gcr6pmnt52wh&time=ASAP,N/A
Toilet Rolls and Kitchen Towels,https://deliveroo.co.uk/menu/Kettering/kettering/chrysler-garage-ltd?day=today&geohash=gcr6pmnt52wh&time=ASAP,N/A
Household,https://deliveroo.co.uk/menu/Kettering/kettering/chrysler-garage-ltd?day=today&geohash=gcr6pmnt52wh&time=ASAP,N/A
Ice Creams and Desserts,https://deliveroo.co.uk/menu/Kettering/kettering/chrysler-garage-ltd?day=today&geohash=gcr6pmnt52wh&time=ASAP,N/A
Frozen Foods,https://deliveroo.co.uk/menu/Kettering/kettering/chrysler-garage-ltd?day=today&geohash=gcr6pmnt52wh&time=ASAP,N/A
"American Drinks , Sweets and Pickles",https://deliveroo.co.uk/menu/Kettering/kettering/chrysler-garage-ltd?day=today&geohash=gcr6pmnt52wh&time=ASAP,N/A
Tobacco,https://deliveroo.co.uk/menu/Kettering/kettering/chrysler-garage-ltd?day=today&geohash=gcr6pmnt52wh&time=ASAP,N/A
Instant Meal,https://deliveroo.co.uk/menu/Kettering/kettering/a-k-grocerices-and-off-licence-37-newland-street?day=today&geohash=gcr6pmnt52wh&time=ASAP,0.70
Cereals,https://deliveroo.co.uk/menu/Kettering/kettering/a-k-grocerices-and-off-licence-37-newland-street?day=today&geohash=gcr6pmnt52wh&time=ASAP,0.70
Crisps,https://deliveroo.co.uk/menu/Kettering/kettering/a-k-grocerices-and-off-licence-37-newland-street?day=today&geohash=gcr6pmnt52wh&time=ASAP,0.70
Cookies and Biscuits,https://deliveroo.co.uk/menu/Kettering/kettering/a-k-grocerices-and-off-licence-37-newland-street?day=today&geohash=gcr6pmnt52wh&time=ASAP,0.70
Chocolate and Sweets,https://deliveroo.co.uk/menu/Kettering/kettering/a-k-grocerices-and-off-licence-37-newland-street?day=today&geohash=gcr6pmnt52wh&time=ASAP,0.70
Groceries,https://deliveroo.co.uk/menu/Kettering/kettering/a-k-grocerices-and-off-licence-37-newland-street?day=today&geohash=gcr6pmnt52wh&time=ASAP,0.70
Soft Drinks,https://deliveroo.co.uk/menu/Kettering/kettering/a-k-grocerices-and-off-licence-37-newland-street?day=today&geohash=gcr6pmnt52wh&time=ASAP,0.70
Tobacco,https://deliveroo.co.uk/menu/Kettering/kettering/a-k-grocerices-and-off-licence-37-newland-street?day=today&geohash=gcr6pmnt52wh&time=ASAP,0.70
Beer,https://deliveroo.co.uk/menu/Kettering/kettering/a-and-b-booze-4-u?day=today&geohash=gcr6pmnt52wh&time=ASAP,N/A
Cider,https://deliveroo.co.uk/menu/Kettering/kettering/a-and-b-booze-4-u?day=today&geohash=gcr6pmnt52wh&time=ASAP,N/A
Ale,https://deliveroo.co.uk/menu/Kettering/kettering/a-and-b-booze-4-u?day=today&geohash=gcr6pmnt52wh&time=ASAP,N/A
Beer Cases,https://deliveroo.co.uk/menu/Kettering/kettering/a-and-b-booze-4-u?day=today&geohash=gcr6pmnt52wh&time=ASAP,N/A
Cider Cases,https://deliveroo.co.uk/menu/Kettering/kettering/a-and-b-booze-4-u?day=today&geohash=gcr6pmnt52wh&time=ASAP,N/A
Bottled Beer,https://deliveroo.co.uk/menu/Kettering/kettering/a-and-b-booze-4-u?day=today&geohash=gcr6pmnt52wh&time=ASAP,N/A
Bottled Cider,https://deliveroo.co.uk/menu/Kettering/kettering/a-and-b-booze-4-u?day=today&geohash=gcr6pmnt52wh&time=ASAP,N/A
Premixed Drinks,https://deliveroo.co.uk/menu/Kettering/kettering/a-and-b-booze-4-u?day=today&geohash=gcr6pmnt52wh&time=ASAP,N/A
Vodka,https://deliveroo.co.uk/menu/Kettering/kettering/a-and-b-booze-4-u?day=today&geohash=gcr6pmnt52wh&time=ASAP,N/A
Tequila,https://deliveroo.co.uk/menu/Kettering/kettering/a-and-b-booze-4-u?day=today&geohash=gcr6pmnt52wh&time=ASAP,N/A
Whiskey,https://deliveroo.co.uk/menu/Kettering/kettering/a-and-b-booze-4-u?day=today&geohash=gcr6pmnt52wh&time=ASAP,N/A
Cognac & Brandy,https://deliveroo.co.uk/menu/Kettering/kettering/a-and-b-booze-4-u?day=today&geohash=gcr6pmnt52wh&time=ASAP,N/A
Rum,https://deliveroo.co.uk/menu/Kettering/kettering/a-and-b-booze-4-u?day=today&geohash=gcr6pmnt52wh&time=ASAP,N/A
Liquor,https://deliveroo.co.uk/menu/Kettering/kettering/a-and-b-booze-4-u?day=today&geohash=gcr6pmnt52wh&time=ASAP,N/A
Gin,https://deliveroo.co.uk/menu/Kettering/kettering/a-and-b-booze-4-u?day=today&geohash=gcr6pmnt52wh&time=ASAP,N/A
Shots,https://deliveroo.co.uk/menu/Kettering/kettering/a-and-b-booze-4-u?day=today&geohash=gcr6pmnt52wh&time=ASAP,N/A
Champagne & Sparkling,https://deliveroo.co.uk/menu/Kettering/kettering/a-and-b-booze-4-u?day=today&geohash=gcr6pmnt52wh&time=ASAP,N/A
Rose Wine,https://deliveroo.co.uk/menu/Kettering/kettering/a-and-b-booze-4-u?day=today&geohash=gcr6pmnt52wh&time=ASAP,N/A
White Wine,https://deliveroo.co.uk/menu/Kettering/kettering/a-and-b-booze-4-u?day=today&geohash=gcr6pmnt52wh&time=ASAP,N/A
Red Wine,https://deliveroo.co.uk/menu/Kettering/kettering/a-and-b-booze-4-u?day=today&geohash=gcr6pmnt52wh&time=ASAP,N/A
Tonic Wine,https://deliveroo.co.uk/menu/Kettering/kettering/a-and-b-booze-4-u?day=today&geohash=gcr6pmnt52wh&time=ASAP,N/A
Chocolate,https://deliveroo.co.uk/menu/Kettering/kettering/a-and-b-booze-4-u?day=today&geohash=gcr6pmnt52wh&time=ASAP,N/A
Sweets,https://deliveroo.co.uk/menu/Kettering/kettering/a-and-b-booze-4-u?day=today&geohash=gcr6pmnt52wh&time=ASAP,N/A
Crisps,https://deliveroo.co.uk/menu/Kettering/kettering/a-and-b-booze-4-u?day=today&geohash=gcr6pmnt52wh&time=ASAP,N/A
Milk & Bread,https://deliveroo.co.uk/menu/Kettering/kettering/a-and-b-booze-4-u?day=today&geohash=gcr6pmnt52wh&time=ASAP,N/A
2L Bottles & Mixers,https://deliveroo.co.uk/menu/Kettering/kettering/a-and-b-booze-4-u?day=today&geohash=gcr6pmnt52wh&time=ASAP,N/A
500ml,https://deliveroo.co.uk/menu/Kettering/kettering/a-and-b-booze-4-u?day=today&geohash=gcr6pmnt52wh&time=ASAP,N/A
Juice & Squash,https://deliveroo.co.uk/menu/Kettering/kettering/a-and-b-booze-4-u?day=today&geohash=gcr6pmnt52wh&time=ASAP,N/A
Water,https://deliveroo.co.uk/menu/Kettering/kettering/a-and-b-booze-4-u?day=today&geohash=gcr6pmnt52wh&time=ASAP,N/A
Milkshakes,https://deliveroo.co.uk/menu/Kettering/kettering/a-and-b-booze-4-u?day=today&geohash=gcr6pmnt52wh&time=ASAP,N/A
Energy Drinks,https://deliveroo.co.uk/menu/Kettering/kettering/a-and-b-booze-4-u?day=today&geohash=gcr6pmnt52wh&time=ASAP,N/A
Cigarettes,https://deliveroo.co.uk/menu/Kettering/kettering/a-and-b-booze-4-u?day=today&geohash=gcr6pmnt52wh&time=ASAP,N/A
Tobacco,https://deliveroo.co.uk/menu/Kettering/kettering/a-and-b-booze-4-u?day=today&geohash=gcr6pmnt52wh&time=ASAP,N/A
In Store Prices,https://deliveroo.co.uk/menu/Kettering/kettering/morrisons-kettering-lower-street?day=today&geohash=gcr6pmnt52wh&time=ASAP,N/A
Freshers Week Returns,https://deliveroo.co.uk/menu/Kettering/kettering/morrisons-kettering-lower-street?day=today&geohash=gcr6pmnt52wh&time=ASAP,N/A
Back to Uni Essentials,https://deliveroo.co.uk/menu/Kettering/kettering/morrisons-kettering-lower-street?day=today&geohash=gcr6pmnt52wh&time=ASAP,N/A
Autumn Warmers,https://deliveroo.co.uk/menu/Kettering/kettering/morrisons-kettering-lower-street?day=today&geohash=gcr6pmnt52wh&time=ASAP,N/A
Festive Favorites!,https://deliveroo.co.uk/menu/Kettering/kettering/morrisons-kettering-lower-street?day=today&geohash=gcr6pmnt52wh&time=ASAP,N/A
Fruit,https://deliveroo.co.uk/menu/Kettering/kettering/morrisons-kettering-lower-street?day=today&geohash=gcr6pmnt52wh&time=ASAP,N/A
Vegetables Salads & Fresh Herbs,https://deliveroo.co.uk/menu/Kettering/kettering/morrisons-kettering-lower-street?day=today&geohash=gcr6pmnt52wh&time=ASAP,N/A
Meat and Poultry,https://deliveroo.co.uk/menu/Kettering/kettering/morrisons-kettering-lower-street?day=today&geohash=gcr6pmnt52wh&time=ASAP,N/A
Seafood,https://deliveroo.co.uk/menu/Kettering/kettering/morrisons-kettering-lower-street?day=today&geohash=gcr6pmnt52wh&time=ASAP,N/A
Milk Dairy & Fresh Juices,https://deliveroo.co.uk/menu/Kettering/kettering/morrisons-kettering-lower-street?day=today&geohash=gcr6pmnt52wh&time=ASAP,N/A
Eggs,https://deliveroo.co.uk/menu/Kettering/kettering/morrisons-kettering-lower-street?day=today&geohash=gcr6pmnt52wh&time=ASAP,N/A
Cheese,https://deliveroo.co.uk/menu/Kettering/kettering/morrisons-kettering-lower-street?day=today&geohash=gcr6pmnt52wh&time=ASAP,N/A
Free From,https://deliveroo.co.uk/menu/Kettering/kettering/morrisons-kettering-lower-street?day=today&geohash=gcr6pmnt52wh&time=ASAP,N/A
Vegetarian & Plant Based,https://deliveroo.co.uk/menu/Kettering/kettering/morrisons-kettering-lower-street?day=today&geohash=gcr6pmnt52wh&time=ASAP,N/A
Sandwiches Wraps & Snacks,https://deliveroo.co.uk/menu/Kettering/kettering/morrisons-kettering-lower-street?day=today&geohash=gcr6pmnt52wh&time=ASAP,N/A
Single Serve Drinks,https://deliveroo.co.uk/menu/Kettering/kettering/morrisons-kettering-lower-street?day=today&geohash=gcr6pmnt52wh&time=ASAP,N/A
Soft Drinks Cordial & Mixers,https://deliveroo.co.uk/menu/Kettering/kettering/morrisons-kettering-lower-street?day=today&geohash=gcr6pmnt52wh&time=ASAP,N/A
Cooked Meat Deli & Dips,https://deliveroo.co.uk/menu/Kettering/kettering/morrisons-kettering-lower-street?day=today&geohash=gcr6pmnt52wh&time=ASAP,N/A
Pizza Garlic Bread & Fresh Pasta,https://deliveroo.co.uk/menu/Kettering/kettering/morrisons-kettering-lower-street?day=today&geohash=gcr6pmnt52wh&time=ASAP,N/A
Ready Meals & Soup,https://deliveroo.co.uk/menu/Kettering/kettering/morrisons-kettering-lower-street?day=today&geohash=gcr6pmnt52wh&time=ASAP,N/A
Desserts,https://deliveroo.co.uk/menu/Kettering/kettering/morrisons-kettering-lower-street?day=today&geohash=gcr6pmnt52wh&time=ASAP,N/A
Bakery & Cakes,https://deliveroo.co.uk/menu/Kettering/kettering/morrisons-kettering-lower-street?day=today&geohash=gcr6pmnt52wh&time=ASAP,N/A
Chocolate Sweets & Biscuits,https://deliveroo.co.uk/menu/Kettering/kettering/morrisons-kettering-lower-street?day=today&geohash=gcr6pmnt52wh&time=ASAP,N/A
Crisps Snacks & Nuts,https://deliveroo.co.uk/menu/Kettering/kettering/morrisons-kettering-lower-street?day=today&geohash=gcr6pmnt52wh&time=ASAP,N/A
Rice and Pasta,https://deliveroo.co.uk/menu/Kettering/kettering/morrisons-kettering-lower-street?day=today&geohash=gcr6pmnt52wh&time=ASAP,N/A
Food Cupboard,https://deliveroo.co.uk/menu/Kettering/kettering/morrisons-kettering-lower-street?day=today&geohash=gcr6pmnt52wh&time=ASAP,N/A
Herbs & Spices,https://deliveroo.co.uk/menu/Kettering/kettering/morrisons-kettering-lower-street?day=today&geohash=gcr6pmnt52wh&time=ASAP,N/A
World Foods,https://deliveroo.co.uk/menu/Kettering/kettering/morrisons-kettering-lower-street?day=today&geohash=gcr6pmnt52wh&time=ASAP,N/A
Cereal & Spreads,https://deliveroo.co.uk/menu/Kettering/kettering/morrisons-kettering-lower-street?day=today&geohash=gcr6pmnt52wh&time=ASAP,N/A
Tea Coffee and Hot Chocolate,https://deliveroo.co.uk/menu/Kettering/kettering/morrisons-kettering-lower-street?day=today&geohash=gcr6pmnt52wh&time=ASAP,N/A
Home Baking & Tinned Fruit,https://deliveroo.co.uk/menu/Kettering/kettering/morrisons-kettering-lower-street?day=today&geohash=gcr6pmnt52wh&time=ASAP,N/A
Baby,https://deliveroo.co.uk/menu/Kettering/kettering/morrisons-kettering-lower-street?day=today&geohash=gcr6pmnt52wh&time=ASAP,N/A
Cleaning & Household,https://deliveroo.co.uk/menu/Kettering/kettering/morrisons-kettering-lower-street?day=today&geohash=gcr6pmnt52wh&time=ASAP,N/A
Pet,https://deliveroo.co.uk/menu/Kettering/kettering/morrisons-kettering-lower-street?day=today&geohash=gcr6pmnt52wh&time=ASAP,N/A
Toiletries,https://deliveroo.co.uk/menu/Kettering/kettering/morrisons-kettering-lower-street?day=today&geohash=gcr6pmnt52wh&time=ASAP,N/A
Health Care,https://deliveroo.co.uk/menu/Kettering/kettering/morrisons-kettering-lower-street?day=today&geohash=gcr6pmnt52wh&time=ASAP,N/A
Flowers & Gifting,https://deliveroo.co.uk/menu/Kettering/kettering/morrisons-kettering-lower-street?day=today&geohash=gcr6pmnt52wh&time=ASAP,N/A
Frozen Foods,https://deliveroo.co.uk/menu/Kettering/kettering/morrisons-kettering-lower-street?day=today&geohash=gcr6pmnt52wh&time=ASAP,N/A
Frozen Fruit & Vegetables,https://deliveroo.co.uk/menu/Kettering/kettering/morrisons-kettering-lower-street?day=today&geohash=gcr6pmnt52wh&time=ASAP,N/A
Ice Cream & Frozen Desserts,https://deliveroo.co.uk/menu/Kettering/kettering/morrisons-kettering-lower-street?day=today&geohash=gcr6pmnt52wh&time=ASAP,N/A
Ice Cream Accessories,https://deliveroo.co.uk/menu/Kettering/kettering/morrisons-kettering-lower-street?day=today&geohash=gcr6pmnt52wh&time=ASAP,N/A
Beer & Cider,https://deliveroo.co.uk/menu/Kettering/kettering/morrisons-kettering-lower-street?day=today&geohash=gcr6pmnt52wh&time=ASAP,N/A
No & Low Alcohol,https://deliveroo.co.uk/menu/Kettering/kettering/morrisons-kettering-lower-street?day=today&geohash=gcr6pmnt52wh&time=ASAP,N/A
Wine & Sparkling,https://deliveroo.co.uk/menu/Kettering/kettering/morrisons-kettering-lower-street?day=today&geohash=gcr6pmnt52wh&time=ASAP,N/A
Spirits,https://deliveroo.co.uk/menu/Kettering/kettering/morrisons-kettering-lower-street?day=today&geohash=gcr6pmnt52wh&time=ASAP,N/A
Party Drinks & Cocktails,https://deliveroo.co.uk/menu/Kettering/kettering/morrisons-kettering-lower-street?day=today&geohash=gcr6pmnt52wh&time=ASAP,N/A
Tobacco,https://deliveroo.co.uk/menu/Kettering/kettering/morrisons-kettering-lower-street?day=today&geohash=gcr6pmnt52wh&time=ASAP,N/A
E-Cigarettes,https://deliveroo.co.uk/menu/Kettering/kettering/morrisons-kettering-lower-street?day=today&geohash=gcr6pmnt52wh&time=ASAP,N/A
Top Offers,https://deliveroo.co.uk/menu/Kettering/kettering/bp-kettering-west?day=today&geohash=gcr6pmnt52wh&time=ASAP,N/A
Favourites,https://deliveroo.co.uk/menu/Kettering/kettering/bp-kettering-west?day=today&geohash=gcr6pmnt52wh&time=ASAP,N/A
M&S Remarksable Value,https://deliveroo.co.uk/menu/Kettering/kettering/bp-kettering-west?day=today&geohash=gcr6pmnt52wh&time=ASAP,N/A
Hot & Iced Drinks,https://deliveroo.co.uk/menu/Kettering/kettering/bp-kettering-west?day=today&geohash=gcr6pmnt52wh&time=ASAP,N/A
Juices & Smoothies,https://deliveroo.co.uk/menu/Kettering/kettering/bp-kettering-west?day=today&geohash=gcr6pmnt52wh&time=ASAP,N/A
Water,https://deliveroo.co.uk/menu/Kettering/kettering/bp-kettering-west?day=today&geohash=gcr6pmnt52wh&time=ASAP,N/A
Soft and Fizzy Drinks,https://deliveroo.co.uk/menu/Kettering/kettering/bp-kettering-west?day=today&geohash=gcr6pmnt52wh&time=ASAP,N/A
Sports & Energy Drinks,https://deliveroo.co.uk/menu/Kettering/kettering/bp-kettering-west?day=today&geohash=gcr6pmnt52wh&time=ASAP,N/A
Chocolate & Sweets,https://deliveroo.co.uk/menu/Kettering/kettering/bp-kettering-west?day=today&geohash=gcr6pmnt52wh&time=ASAP,N/A
Sandwiches & Wraps,https://deliveroo.co.uk/menu/Kettering/kettering/bp-kettering-west?day=today&geohash=gcr6pmnt52wh&time=ASAP,N/A
Prepared Salad & Fruit,https://deliveroo.co.uk/menu/Kettering/kettering/bp-kettering-west?day=today&geohash=gcr6pmnt52wh&time=ASAP,N/A
"Fruit, Vegetables & Salad",https://deliveroo.co.uk/menu/Kettering/kettering/bp-kettering-west?day=today&geohash=gcr6pmnt52wh&time=ASAP,N/A
Pizza & Prepared Meals,https://deliveroo.co.uk/menu/Kettering/kettering/bp-kettering-west?day=today&geohash=gcr6pmnt52wh&time=ASAP,N/A
"Milk, Eggs & Dairy",https://deliveroo.co.uk/menu/Kettering/kettering/bp-kettering-west?day=today&geohash=gcr6pmnt52wh&time=ASAP,N/A
"Cooked Meat, Deli & Dips",https://deliveroo.co.uk/menu/Kettering/kettering/bp-kettering-west?day=today&geohash=gcr6pmnt52wh&time=ASAP,N/A
"Meat, Fish & Poultry",https://deliveroo.co.uk/menu/Kettering/kettering/bp-kettering-west?day=today&geohash=gcr6pmnt52wh&time=ASAP,N/A
Pasta & Rice,https://deliveroo.co.uk/menu/Kettering/kettering/bp-kettering-west?day=today&geohash=gcr6pmnt52wh&time=ASAP,N/A
Store Cupboard,https://deliveroo.co.uk/menu/Kettering/kettering/bp-kettering-west?day=today&geohash=gcr6pmnt52wh&time=ASAP,N/A
"Laundry, Cleaning & Household",https://deliveroo.co.uk/menu/Kettering/kettering/bp-kettering-west?day=today&geohash=gcr6pmnt52wh&time=ASAP,N/A
Healthcare & Toiletries ,https://deliveroo.co.uk/menu/Kettering/kettering/bp-kettering-west?day=today&geohash=gcr6pmnt52wh&time=ASAP,N/A
Bakery & Cakes,https://deliveroo.co.uk/menu/Kettering/kettering/bp-kettering-west?day=today&geohash=gcr6pmnt52wh&time=ASAP,N/A
Crisps & Savoury Snacks,https://deliveroo.co.uk/menu/Kettering/kettering/bp-kettering-west?day=today&geohash=gcr6pmnt52wh&time=ASAP,N/A
Sweet Treats & Biscuits,https://deliveroo.co.uk/menu/Kettering/kettering/bp-kettering-west?day=today&geohash=gcr6pmnt52wh&time=ASAP,N/A
Desserts,https://deliveroo.co.uk/menu/Kettering/kettering/bp-kettering-west?day=today&geohash=gcr6pmnt52wh&time=ASAP,N/A
Ice Cream & Ice,https://deliveroo.co.uk/menu/Kettering/kettering/bp-kettering-west?day=today&geohash=gcr6pmnt52wh&time=ASAP,N/A
Beers & Ciders ,https://deliveroo.co.uk/menu/Kettering/kettering/bp-kettering-west?day=today&geohash=gcr6pmnt52wh&time=ASAP,N/A
Spirits,https://deliveroo.co.uk/menu/Kettering/kettering/bp-kettering-west?day=today&geohash=gcr6pmnt52wh&time=ASAP,N/A
Cocktail Cans,https://deliveroo.co.uk/menu/Kettering/kettering/bp-kettering-west?day=today&geohash=gcr6pmnt52wh&time=ASAP,N/A
Mixers,https://deliveroo.co.uk/menu/Kettering/kettering/bp-kettering-west?day=today&geohash=gcr6pmnt52wh&time=ASAP,N/A
Wine & Fizz ,https://deliveroo.co.uk/menu/Kettering/kettering/bp-kettering-west?day=today&geohash=gcr6pmnt52wh&time=ASAP,N/A
Gifting ,https://deliveroo.co.uk/menu/Kettering/kettering/bp-kettering-west?day=today&geohash=gcr6pmnt52wh&time=ASAP,N/A
Tobacco & Vape,https://deliveroo.co.uk/menu/Kettering/kettering/bp-kettering-west?day=today&geohash=gcr6pmnt52wh&time=ASAP,N/A
Newspapers & Magazines,https://deliveroo.co.uk/menu/Kettering/kettering/bp-kettering-west?day=today&geohash=gcr6pmnt52wh&time=ASAP,N/A
Breakfast Items,https://deliveroo.co.uk/menu/Kettering/kettering/bath-road-convenience-store-kettering?geohash=gcr6pmnt52wh,0.40
Crisps,https://deliveroo.co.uk/menu/Kettering/kettering/bath-road-convenience-store-kettering?geohash=gcr6pmnt52wh,0.40
Chocolates,https://deliveroo.co.uk/menu/Kettering/kettering/bath-road-convenience-store-kettering?geohash=gcr6pmnt52wh,0.40
Sweets,https://deliveroo.co.uk/menu/Kettering/kettering/bath-road-convenience-store-kettering?geohash=gcr6pmnt52wh,0.40
Ice,https://deliveroo.co.uk/menu/Kettering/kettering/bath-road-convenience-store-kettering?geohash=gcr6pmnt52wh,0.40
Cigarettes and Tobacco,https://deliveroo.co.uk/menu/Kettering/kettering/bath-road-convenience-store-kettering?geohash=gcr6pmnt52wh,0.40
Smoking Essentials,https://deliveroo.co.uk/menu/Kettering/kettering/bath-road-convenience-store-kettering?geohash=gcr6pmnt52wh,0.40
Elf Bars,https://deliveroo.co.uk/menu/Kettering/kettering/bath-road-convenience-store-kettering?geohash=gcr6pmnt52wh,0.40
Vodka,https://deliveroo.co.uk/menu/Kettering/kettering/bath-road-convenience-store-kettering?geohash=gcr6pmnt52wh,0.40
Whiskey,https://deliveroo.co.uk/menu/Kettering/kettering/bath-road-convenience-store-kettering?geohash=gcr6pmnt52wh,0.40
Cognac,https://deliveroo.co.uk/menu/Kettering/kettering/bath-road-convenience-store-kettering?geohash=gcr6pmnt52wh,0.40
Gin and Tequila,https://deliveroo.co.uk/menu/Kettering/kettering/bath-road-convenience-store-kettering?geohash=gcr6pmnt52wh,0.40
Rum,https://deliveroo.co.uk/menu/Kettering/kettering/bath-road-convenience-store-kettering?geohash=gcr6pmnt52wh,0.40
Liquor,https://deliveroo.co.uk/menu/Kettering/kettering/bath-road-convenience-store-kettering?geohash=gcr6pmnt52wh,0.40
Champagne and Prosecco,https://deliveroo.co.uk/menu/Kettering/kettering/bath-road-convenience-store-kettering?geohash=gcr6pmnt52wh,0.40
Red Wine,https://deliveroo.co.uk/menu/Kettering/kettering/bath-road-convenience-store-kettering?geohash=gcr6pmnt52wh,0.40
Rose Wine,https://deliveroo.co.uk/menu/Kettering/kettering/bath-road-convenience-store-kettering?geohash=gcr6pmnt52wh,0.40
White Wine,https://deliveroo.co.uk/menu/Kettering/kettering/bath-road-convenience-store-kettering?geohash=gcr6pmnt52wh,0.40
Beer,https://deliveroo.co.uk/menu/Kettering/kettering/bath-road-convenience-store-kettering?geohash=gcr6pmnt52wh,0.40
Cider,https://deliveroo.co.uk/menu/Kettering/kettering/bath-road-convenience-store-kettering?geohash=gcr6pmnt52wh,0.40
Mixers,https://deliveroo.co.uk/menu/Kettering/kettering/bath-road-convenience-store-kettering?geohash=gcr6pmnt52wh,0.40
Juices,https://deliveroo.co.uk/menu/Kettering/kettering/rvk-stores-kettering?geohash=gcr6pmnt52wh,0.70
Energy Drinks,https://deliveroo.co.uk/menu/Kettering/kettering/rvk-stores-kettering?geohash=gcr6pmnt52wh,0.70
Soft Drinks and vapes,https://deliveroo.co.uk/menu/Kettering/kettering/rvk-stores-kettering?geohash=gcr6pmnt52wh,0.70
Cigrattes,https://deliveroo.co.uk/menu/Kettering/kettering/rvk-stores-kettering?geohash=gcr6pmnt52wh,0.70
Tobacco,https://deliveroo.co.uk/menu/Kettering/kettering/rvk-stores-kettering?geohash=gcr6pmnt52wh,0.70
Alcohol Drinks,https://deliveroo.co.uk/menu/Kettering/kettering/rvk-stores-kettering?geohash=gcr6pmnt52wh,0.70
Vodka,https://deliveroo.co.uk/menu/Kettering/kettering/rvk-stores-kettering?geohash=gcr6pmnt52wh,0.70
Gin,https://deliveroo.co.uk/menu/Kettering/kettering/rvk-stores-kettering?geohash=gcr6pmnt52wh,0.70
Sweets and Treats,https://deliveroo.co.uk/menu/Kettering/kettering/pauls-stop-n-shop?geohash=gcr6pmnt52wh,N/A
Crisps and Dips,https://deliveroo.co.uk/menu/Kettering/kettering/pauls-stop-n-shop?geohash=gcr6pmnt52wh,N/A
Beer and Cider,https://deliveroo.co.uk/menu/Kettering/kettering/pauls-stop-n-shop?geohash=gcr6pmnt52wh,N/A
Wines,https://deliveroo.co.uk/menu/Kettering/kettering/pauls-stop-n-shop?geohash=gcr6pmnt52wh,N/A
Grocery,https://deliveroo.co.uk/menu/Kettering/kettering/pauls-stop-n-shop?geohash=gcr6pmnt52wh,N/A
Spirits,https://deliveroo.co.uk/menu/Kettering/kettering/pauls-stop-n-shop?geohash=gcr6pmnt52wh,N/A
Soft Drinks and Water,https://deliveroo.co.uk/menu/Kettering/kettering/pauls-stop-n-shop?geohash=gcr6pmnt52wh,N/A
Chilled,https://deliveroo.co.uk/menu/Kettering/kettering/pauls-stop-n-shop?geohash=gcr6pmnt52wh,N/A
Biscuits,https://deliveroo.co.uk/menu/Kettering/kettering/pauls-stop-n-shop?geohash=gcr6pmnt52wh,N/A
Protein Bars and Snacks,https://deliveroo.co.uk/menu/Kettering/kettering/pauls-stop-n-shop?geohash=gcr6pmnt52wh,N/A
Dairy & Bread,https://deliveroo.co.uk/menu/Kettering/kettering/kettering-stores?geohash=gcr6pmnt52wh,1.20
Chocolates,https://deliveroo.co.uk/menu/Kettering/kettering/kettering-stores?geohash=gcr6pmnt52wh,1.20
Tobaco,https://deliveroo.co.uk/menu/Kettering/kettering/kettering-stores?geohash=gcr6pmnt52wh,1.20
Sprit,https://deliveroo.co.uk/menu/Kettering/kettering/kettering-stores?geohash=gcr6pmnt52wh,1.20
Beer & cider,https://deliveroo.co.uk/menu/Kettering/kettering/kettering-stores?geohash=gcr6pmnt52wh,1.20
Soft drinks,https://deliveroo.co.uk/menu/Kettering/kettering/kettering-stores?geohash=gcr6pmnt52wh,1.20
Frozen,https://deliveroo.co.uk/menu/Kettering/kettering/kettering-stores?geohash=gcr6pmnt52wh,1.20
Icecreams,https://deliveroo.co.uk/menu/Kettering/kettering/kettering-stores?geohash=gcr6pmnt52wh,1.20
Crips,https://deliveroo.co.uk/menu/Kettering/kettering/kettering-stores?geohash=gcr6pmnt52wh,1.20
Condom & Tonic wine,https://deliveroo.co.uk/menu/Kettering/kettering/kettering-stores?geohash=gcr6pmnt52wh,1.20
Elf bars,https://deliveroo.co.uk/menu/Kettering/kettering/kettering-stores?geohash=gcr6pmnt52wh,1.20
Pint Beer Cans,https://deliveroo.co.uk/menu/Kettering/ptychley/jmd-news-food-and-wine?geohash=gcr6pmnt52wh,3.40
440-500ml Beer Cans,https://deliveroo.co.uk/menu/Kettering/ptychley/jmd-news-food-and-wine?geohash=gcr6pmnt52wh,3.40
Large Bottled Beers,https://deliveroo.co.uk/menu/Kettering/ptychley/jmd-news-food-and-wine?geohash=gcr6pmnt52wh,3.40
"Imported US Sodas, Candies & Snacks",https://deliveroo.co.uk/menu/Kettering/ptychley/jmd-news-food-and-wine?geohash=gcr6pmnt52wh,3.40
Energy Drinks,https://deliveroo.co.uk/menu/Kettering/ptychley/jmd-news-food-and-wine?geohash=gcr6pmnt52wh,3.40
Soft Drink Small Bottles,https://deliveroo.co.uk/menu/Kettering/ptychley/jmd-news-food-and-wine?geohash=gcr6pmnt52wh,3.40
Soft Drink Cans,https://deliveroo.co.uk/menu/Kettering/ptychley/jmd-news-food-and-wine?geohash=gcr6pmnt52wh,3.40
Soft Drink Large Bottles,https://deliveroo.co.uk/menu/Kettering/ptychley/jmd-news-food-and-wine?geohash=gcr6pmnt52wh,3.40
Large Bottled Waters,https://deliveroo.co.uk/menu/Kettering/ptychley/jmd-news-food-and-wine?geohash=gcr6pmnt52wh,3.40
Milkshakes,https://deliveroo.co.uk/menu/Kettering/ptychley/jmd-news-food-and-wine?geohash=gcr6pmnt52wh,3.40
Bread & Milk,https://deliveroo.co.uk/menu/Kettering/ptychley/jmd-news-food-and-wine?geohash=gcr6pmnt52wh,3.40
Spirits & Liquors,https://deliveroo.co.uk/menu/Kettering/ptychley/jmd-news-food-and-wine?geohash=gcr6pmnt52wh,3.40
White Wines,https://deliveroo.co.uk/menu/Kettering/ptychley/jmd-news-food-and-wine?geohash=gcr6pmnt52wh,3.40
Rosé Wines,https://deliveroo.co.uk/menu/Kettering/ptychley/jmd-news-food-and-wine?geohash=gcr6pmnt52wh,3.40
Red Wines,https://deliveroo.co.uk/menu/Kettering/ptychley/jmd-news-food-and-wine?geohash=gcr6pmnt52wh,3.40
Sparkling Wines,https://deliveroo.co.uk/menu/Kettering/ptychley/jmd-news-food-and-wine?geohash=gcr6pmnt52wh,3.40
Bottled Ales,https://deliveroo.co.uk/menu/Kettering/ptychley/jmd-news-food-and-wine?geohash=gcr6pmnt52wh,3.40
Crisps,https://deliveroo.co.uk/menu/Kettering/ptychley/jmd-news-food-and-wine?geohash=gcr6pmnt52wh,3.40
Chocolate,https://deliveroo.co.uk/menu/Kettering/ptychley/jmd-news-food-and-wine?geohash=gcr6pmnt52wh,3.40
Cigarettes & Tobacco Products,https://deliveroo.co.uk/menu/Kettering/ptychley/jmd-news-food-and-wine?geohash=gcr6pmnt52wh,3.40
Vapes & E-Liquids,https://deliveroo.co.uk/menu/Kettering/ptychley/jmd-news-food-and-wine?geohash=gcr6pmnt52wh,3.40
