RESTAURANT POSTCODE,RESTAURANT NAME,RESTUARANT LINK, CATEGORIES,CATEGORY NAME,DELIVERY RADIUS
NN16 9QY,Central Co-op,https://deliveroo.co.uk/menu/Kettering/brambleside/central-england-co-op-kettering-hallwood-road?day=today&geohash=gcr6pmnt52wh&time=ASAP,,BACK TO SCHOOL,0.20
NN16 9QY,Central Co-op,https://deliveroo.co.uk/menu/Kettering/brambleside/central-england-co-op-kettering-hallwood-road?day=today&geohash=gcr6pmnt52wh&time=ASAP,,BATTERIES,0.20
NN16 9QY,Central Co-op,https://deliveroo.co.uk/menu/Kettering/brambleside/central-england-co-op-kettering-hallwood-road?day=today&geohash=gcr6pmnt52wh&time=ASAP,,CIGARETTES & TOBACCO,0.20
NN16 9QY,Central Co-op,https://deliveroo.co.uk/menu/Kettering/brambleside/central-england-co-op-kettering-hallwood-road?day=today&geohash=gcr6pmnt52wh&time=ASAP,,VAPING,0.20
NN16 9QY,Central Co-op,https://deliveroo.co.uk/menu/Kettering/brambleside/central-england-co-op-kettering-hallwood-road?day=today&geohash=gcr6pmnt52wh&time=ASAP,,"BEER, LAGER & ALES",0.20
NN16 9QY,Central Co-op,https://deliveroo.co.uk/menu/Kettering/brambleside/central-england-co-op-kettering-hallwood-road?day=today&geohash=gcr6pmnt52wh&time=ASAP,,ALCOHOL FREE,0.20
NN16 9QY,Central Co-op,https://deliveroo.co.uk/menu/Kettering/brambleside/central-england-co-op-kettering-hallwood-road?day=today&geohash=gcr6pmnt52wh&time=ASAP,,COCKTAILS,0.20
NN16 9QY,Central Co-op,https://deliveroo.co.uk/menu/Kettering/brambleside/central-england-co-op-kettering-hallwood-road?day=today&geohash=gcr6pmnt52wh&time=ASAP,,SPIRITS,0.20
NN16 9QY,Central Co-op,https://deliveroo.co.uk/menu/Kettering/brambleside/central-england-co-op-kettering-hallwood-road?day=today&geohash=gcr6pmnt52wh&time=ASAP,,RED WINE,0.20
NN16 9QY,Central Co-op,https://deliveroo.co.uk/menu/Kettering/brambleside/central-england-co-op-kettering-hallwood-road?day=today&geohash=gcr6pmnt52wh&time=ASAP,,WHITE & ROSE WINE,0.20
NN16 9QY,Central Co-op,https://deliveroo.co.uk/menu/Kettering/brambleside/central-england-co-op-kettering-hallwood-road?day=today&geohash=gcr6pmnt52wh&time=ASAP,,SOFT DRINKS,0.20
NN16 9QY,Central Co-op,https://deliveroo.co.uk/menu/Kettering/brambleside/central-england-co-op-kettering-hallwood-road?day=today&geohash=gcr6pmnt52wh&time=ASAP,,SANDWICHES & SNACKS,0.20
NN16 9QY,Central Co-op,https://deliveroo.co.uk/menu/Kettering/brambleside/central-england-co-op-kettering-hallwood-road?day=today&geohash=gcr6pmnt52wh&time=ASAP,,PIES & QUICHE,0.20
NN16 9QY,Central Co-op,https://deliveroo.co.uk/menu/Kettering/brambleside/central-england-co-op-kettering-hallwood-road?day=today&geohash=gcr6pmnt52wh&time=ASAP,,SALADS & DIPS,0.20
NN16 9QY,Central Co-op,https://deliveroo.co.uk/menu/Kettering/brambleside/central-england-co-op-kettering-hallwood-road?day=today&geohash=gcr6pmnt52wh&time=ASAP,,FRESH PIZZA,0.20
NN16 9QY,Central Co-op,https://deliveroo.co.uk/menu/Kettering/brambleside/central-england-co-op-kettering-hallwood-road?day=today&geohash=gcr6pmnt52wh&time=ASAP,,FRESH READY MEALS,0.20
NN16 9QY,Central Co-op,https://deliveroo.co.uk/menu/Kettering/brambleside/central-england-co-op-kettering-hallwood-road?day=today&geohash=gcr6pmnt52wh&time=ASAP,,FRESH MEAT & FISH,0.20
NN16 9QY,Central Co-op,https://deliveroo.co.uk/menu/Kettering/brambleside/central-england-co-op-kettering-hallwood-road?day=today&geohash=gcr6pmnt52wh&time=ASAP,,VEGETABLES & POTATOES,0.20
NN16 9QY,Central Co-op,https://deliveroo.co.uk/menu/Kettering/brambleside/central-england-co-op-kettering-hallwood-road?day=today&geohash=gcr6pmnt52wh&time=ASAP,,FRUIT,0.20
NN16 9QY,Central Co-op,https://deliveroo.co.uk/menu/Kettering/brambleside/central-england-co-op-kettering-hallwood-road?day=today&geohash=gcr6pmnt52wh&time=ASAP,,SALAD,0.20
NN16 9QY,Central Co-op,https://deliveroo.co.uk/menu/Kettering/brambleside/central-england-co-op-kettering-hallwood-road?day=today&geohash=gcr6pmnt52wh&time=ASAP,,MILK & CREAM,0.20
NN16 9QY,Central Co-op,https://deliveroo.co.uk/menu/Kettering/brambleside/central-england-co-op-kettering-hallwood-road?day=today&geohash=gcr6pmnt52wh&time=ASAP,,CHEESE,0.20
NN16 9QY,Central Co-op,https://deliveroo.co.uk/menu/Kettering/brambleside/central-england-co-op-kettering-hallwood-road?day=today&geohash=gcr6pmnt52wh&time=ASAP,,YOGURTS & DESSERTS,0.20
NN16 9QY,Central Co-op,https://deliveroo.co.uk/menu/Kettering/brambleside/central-england-co-op-kettering-hallwood-road?day=today&geohash=gcr6pmnt52wh&time=ASAP,,BUTTER & SPREADS,0.20
NN16 9QY,Central Co-op,https://deliveroo.co.uk/menu/Kettering/brambleside/central-england-co-op-kettering-hallwood-road?day=today&geohash=gcr6pmnt52wh&time=ASAP,,FRESH JUICE,0.20
NN16 9QY,Central Co-op,https://deliveroo.co.uk/menu/Kettering/brambleside/central-england-co-op-kettering-hallwood-road?day=today&geohash=gcr6pmnt52wh&time=ASAP,,COOKED MEAT,0.20
NN16 9QY,Central Co-op,https://deliveroo.co.uk/menu/Kettering/brambleside/central-england-co-op-kettering-hallwood-road?day=today&geohash=gcr6pmnt52wh&time=ASAP,,BREAD & MORNING GOODS,0.20
NN16 9QY,Central Co-op,https://deliveroo.co.uk/menu/Kettering/brambleside/central-england-co-op-kettering-hallwood-road?day=today&geohash=gcr6pmnt52wh&time=ASAP,,CAKE,0.20
NN16 9QY,Central Co-op,https://deliveroo.co.uk/menu/Kettering/brambleside/central-england-co-op-kettering-hallwood-road?day=today&geohash=gcr6pmnt52wh&time=ASAP,,BISCUITS,0.20
NN16 9QY,Central Co-op,https://deliveroo.co.uk/menu/Kettering/brambleside/central-england-co-op-kettering-hallwood-road?day=today&geohash=gcr6pmnt52wh&time=ASAP,,CHOCOLATE & SWEETS,0.20
NN16 9QY,Central Co-op,https://deliveroo.co.uk/menu/Kettering/brambleside/central-england-co-op-kettering-hallwood-road?day=today&geohash=gcr6pmnt52wh&time=ASAP,,"CRISPS, SNACKS & NUTS",0.20
NN16 9QY,Central Co-op,https://deliveroo.co.uk/menu/Kettering/brambleside/central-england-co-op-kettering-hallwood-road?day=today&geohash=gcr6pmnt52wh&time=ASAP,,CEREAL & BREAKFAST BARS,0.20
NN16 9QY,Central Co-op,https://deliveroo.co.uk/menu/Kettering/brambleside/central-england-co-op-kettering-hallwood-road?day=today&geohash=gcr6pmnt52wh&time=ASAP,,TEA & COFFEE,0.20
NN16 9QY,Central Co-op,https://deliveroo.co.uk/menu/Kettering/brambleside/central-england-co-op-kettering-hallwood-road?day=today&geohash=gcr6pmnt52wh&time=ASAP,,"TINS, JARS & PACKETS",0.20
NN16 9QY,Central Co-op,https://deliveroo.co.uk/menu/Kettering/brambleside/central-england-co-op-kettering-hallwood-road?day=today&geohash=gcr6pmnt52wh&time=ASAP,,WORLD FOODS,0.20
NN16 9QY,Central Co-op,https://deliveroo.co.uk/menu/Kettering/brambleside/central-england-co-op-kettering-hallwood-road?day=today&geohash=gcr6pmnt52wh&time=ASAP,,CUPBOARD STAPLES,0.20
NN16 9QY,Central Co-op,https://deliveroo.co.uk/menu/Kettering/brambleside/central-england-co-op-kettering-hallwood-road?day=today&geohash=gcr6pmnt52wh&time=ASAP,,HOME BAKING & DESSERTS,0.20
NN16 9QY,Central Co-op,https://deliveroo.co.uk/menu/Kettering/brambleside/central-england-co-op-kettering-hallwood-road?day=today&geohash=gcr6pmnt52wh&time=ASAP,,EGGS,0.20
NN16 9QY,Central Co-op,https://deliveroo.co.uk/menu/Kettering/brambleside/central-england-co-op-kettering-hallwood-road?day=today&geohash=gcr6pmnt52wh&time=ASAP,,ICE CREAM & DESSERTS,0.20
NN16 9QY,Central Co-op,https://deliveroo.co.uk/menu/Kettering/brambleside/central-england-co-op-kettering-hallwood-road?day=today&geohash=gcr6pmnt52wh&time=ASAP,,FROZEN FOOD,0.20
NN16 9QY,Central Co-op,https://deliveroo.co.uk/menu/Kettering/brambleside/central-england-co-op-kettering-hallwood-road?day=today&geohash=gcr6pmnt52wh&time=ASAP,,FRESH CUT FLOWERS,0.20
NN16 9QY,Central Co-op,https://deliveroo.co.uk/menu/Kettering/brambleside/central-england-co-op-kettering-hallwood-road?day=today&geohash=gcr6pmnt52wh&time=ASAP,,TOILET ROLL & KITCHEN ROLL,0.20
NN16 9QY,Central Co-op,https://deliveroo.co.uk/menu/Kettering/brambleside/central-england-co-op-kettering-hallwood-road?day=today&geohash=gcr6pmnt52wh&time=ASAP,,"LAUNDRY, CLEANING & HOUSEHOLD",0.20
NN16 9QY,Central Co-op,https://deliveroo.co.uk/menu/Kettering/brambleside/central-england-co-op-kettering-hallwood-road?day=today&geohash=gcr6pmnt52wh&time=ASAP,,PET FOOD,0.20
NN16 9QY,Central Co-op,https://deliveroo.co.uk/menu/Kettering/brambleside/central-england-co-op-kettering-hallwood-road?day=today&geohash=gcr6pmnt52wh&time=ASAP,,BABY,0.20
NN16 9QY,Central Co-op,https://deliveroo.co.uk/menu/Kettering/brambleside/central-england-co-op-kettering-hallwood-road?day=today&geohash=gcr6pmnt52wh&time=ASAP,,TOILETRIES,0.20
NN16 9QY,Central Co-op,https://deliveroo.co.uk/menu/Kettering/brambleside/central-england-co-op-kettering-hallwood-road?day=today&geohash=gcr6pmnt52wh&time=ASAP,,HEALTH CARE,0.20
NN16 9QY,ASDA,https://deliveroo.co.uk/menu/Kettering/kettering/4436-asda-kettering?day=today&geohash=gcr6pmnt52wh&time=ASAP,,Pay In-Store Prices,N/A
NN16 9QY,ASDA,https://deliveroo.co.uk/menu/Kettering/kettering/4436-asda-kettering?day=today&geohash=gcr6pmnt52wh&time=ASAP,,University Ready,N/A
NN16 9QY,ASDA,https://deliveroo.co.uk/menu/Kettering/kettering/4436-asda-kettering?day=today&geohash=gcr6pmnt52wh&time=ASAP,,Fresh & Frozen Food £2 & Under,N/A
NN16 9QY,ASDA,https://deliveroo.co.uk/menu/Kettering/kettering/4436-asda-kettering?day=today&geohash=gcr6pmnt52wh&time=ASAP,,Food Cupboard £2 & Under,N/A
NN16 9QY,ASDA,https://deliveroo.co.uk/menu/Kettering/kettering/4436-asda-kettering?day=today&geohash=gcr6pmnt52wh&time=ASAP,,Household £2 & Under,N/A
NN16 9QY,ASDA,https://deliveroo.co.uk/menu/Kettering/kettering/4436-asda-kettering?day=today&geohash=gcr6pmnt52wh&time=ASAP,,Easy Meals Under £4,N/A
NN16 9QY,ASDA,https://deliveroo.co.uk/menu/Kettering/kettering/4436-asda-kettering?day=today&geohash=gcr6pmnt52wh&time=ASAP,,Wine,N/A
NN16 9QY,ASDA,https://deliveroo.co.uk/menu/Kettering/kettering/4436-asda-kettering?day=today&geohash=gcr6pmnt52wh&time=ASAP,,Spirits,N/A
NN16 9QY,ASDA,https://deliveroo.co.uk/menu/Kettering/kettering/4436-asda-kettering?day=today&geohash=gcr6pmnt52wh&time=ASAP,,"Beer, Lager & Cider",N/A
NN16 9QY,ASDA,https://deliveroo.co.uk/menu/Kettering/kettering/4436-asda-kettering?day=today&geohash=gcr6pmnt52wh&time=ASAP,,Ready to Drink & Cocktails,N/A
NN16 9QY,ASDA,https://deliveroo.co.uk/menu/Kettering/kettering/4436-asda-kettering?day=today&geohash=gcr6pmnt52wh&time=ASAP,,Ice Cream & Ice Lollies,N/A
NN16 9QY,ASDA,https://deliveroo.co.uk/menu/Kettering/kettering/4436-asda-kettering?day=today&geohash=gcr6pmnt52wh&time=ASAP,,Soft Drinks,N/A
NN16 9QY,ASDA,https://deliveroo.co.uk/menu/Kettering/kettering/4436-asda-kettering?day=today&geohash=gcr6pmnt52wh&time=ASAP,,"Tea, Coffee & Hot Chocolate",N/A
NN16 9QY,ASDA,https://deliveroo.co.uk/menu/Kettering/kettering/4436-asda-kettering?day=today&geohash=gcr6pmnt52wh&time=ASAP,,Energy Drinks,N/A
NN16 9QY,ASDA,https://deliveroo.co.uk/menu/Kettering/kettering/4436-asda-kettering?day=today&geohash=gcr6pmnt52wh&time=ASAP,,"Chilled Juice,Ice Coffee & Smoothies",N/A
NN16 9QY,ASDA,https://deliveroo.co.uk/menu/Kettering/kettering/4436-asda-kettering?day=today&geohash=gcr6pmnt52wh&time=ASAP,,Water & Squash,N/A
NN16 9QY,ASDA,https://deliveroo.co.uk/menu/Kettering/kettering/4436-asda-kettering?day=today&geohash=gcr6pmnt52wh&time=ASAP,,Household and DIY,N/A
NN16 9QY,ASDA,https://deliveroo.co.uk/menu/Kettering/kettering/4436-asda-kettering?day=today&geohash=gcr6pmnt52wh&time=ASAP,,Kitchen & Tupperware,N/A
NN16 9QY,ASDA,https://deliveroo.co.uk/menu/Kettering/kettering/4436-asda-kettering?day=today&geohash=gcr6pmnt52wh&time=ASAP,,Breakfast,N/A
NN16 9QY,ASDA,https://deliveroo.co.uk/menu/Kettering/kettering/4436-asda-kettering?day=today&geohash=gcr6pmnt52wh&time=ASAP,,Lunch on the Go,N/A
NN16 9QY,ASDA,https://deliveroo.co.uk/menu/Kettering/kettering/4436-asda-kettering?day=today&geohash=gcr6pmnt52wh&time=ASAP,,Fruit,N/A
NN16 9QY,ASDA,https://deliveroo.co.uk/menu/Kettering/kettering/4436-asda-kettering?day=today&geohash=gcr6pmnt52wh&time=ASAP,,"Salads, Stir Fry & Dressings",N/A
NN16 9QY,ASDA,https://deliveroo.co.uk/menu/Kettering/kettering/4436-asda-kettering?day=today&geohash=gcr6pmnt52wh&time=ASAP,,Vegetables & Potatoes,N/A
NN16 9QY,ASDA,https://deliveroo.co.uk/menu/Kettering/kettering/4436-asda-kettering?day=today&geohash=gcr6pmnt52wh&time=ASAP,,Bread & Bread Rolls,N/A
NN16 9QY,ASDA,https://deliveroo.co.uk/menu/Kettering/kettering/4436-asda-kettering?day=today&geohash=gcr6pmnt52wh&time=ASAP,,Instore Bakery,N/A
NN16 9QY,ASDA,https://deliveroo.co.uk/menu/Kettering/kettering/4436-asda-kettering?day=today&geohash=gcr6pmnt52wh&time=ASAP,,"Bagels, Wraps & Thins",N/A
NN16 9QY,ASDA,https://deliveroo.co.uk/menu/Kettering/kettering/4436-asda-kettering?day=today&geohash=gcr6pmnt52wh&time=ASAP,,"Party Cakes, Cakes & Cupcakes",N/A
NN16 9QY,ASDA,https://deliveroo.co.uk/menu/Kettering/kettering/4436-asda-kettering?day=today&geohash=gcr6pmnt52wh&time=ASAP,,"Milk, Cream & Milk Alternatives",N/A
NN16 9QY,ASDA,https://deliveroo.co.uk/menu/Kettering/kettering/4436-asda-kettering?day=today&geohash=gcr6pmnt52wh&time=ASAP,,Butter & Eggs,N/A
NN16 9QY,ASDA,https://deliveroo.co.uk/menu/Kettering/kettering/4436-asda-kettering?day=today&geohash=gcr6pmnt52wh&time=ASAP,,Cheese,N/A
NN16 9QY,ASDA,https://deliveroo.co.uk/menu/Kettering/kettering/4436-asda-kettering?day=today&geohash=gcr6pmnt52wh&time=ASAP,,Yogurts & Desserts,N/A
NN16 9QY,ASDA,https://deliveroo.co.uk/menu/Kettering/kettering/4436-asda-kettering?day=today&geohash=gcr6pmnt52wh&time=ASAP,,"Deli, Dips and Snacking",N/A
NN16 9QY,ASDA,https://deliveroo.co.uk/menu/Kettering/kettering/4436-asda-kettering?day=today&geohash=gcr6pmnt52wh&time=ASAP,,Cooked Meat,N/A
NN16 9QY,ASDA,https://deliveroo.co.uk/menu/Kettering/kettering/4436-asda-kettering?day=today&geohash=gcr6pmnt52wh&time=ASAP,,Chicken & Turkey,N/A
NN16 9QY,ASDA,https://deliveroo.co.uk/menu/Kettering/kettering/4436-asda-kettering?day=today&geohash=gcr6pmnt52wh&time=ASAP,,"Pork, Beef & Lamb",N/A
NN16 9QY,ASDA,https://deliveroo.co.uk/menu/Kettering/kettering/4436-asda-kettering?day=today&geohash=gcr6pmnt52wh&time=ASAP,,Bacon & Sausages,N/A
NN16 9QY,ASDA,https://deliveroo.co.uk/menu/Kettering/kettering/4436-asda-kettering?day=today&geohash=gcr6pmnt52wh&time=ASAP,,Fish,N/A
NN16 9QY,ASDA,https://deliveroo.co.uk/menu/Kettering/kettering/4436-asda-kettering?day=today&geohash=gcr6pmnt52wh&time=ASAP,,Frozen Meat & Meat Alternatives,N/A
NN16 9QY,ASDA,https://deliveroo.co.uk/menu/Kettering/kettering/4436-asda-kettering?day=today&geohash=gcr6pmnt52wh&time=ASAP,,"Frozen Chips, Veg & Party Food",N/A
NN16 9QY,ASDA,https://deliveroo.co.uk/menu/Kettering/kettering/4436-asda-kettering?day=today&geohash=gcr6pmnt52wh&time=ASAP,,Air Fryer Favourites,N/A
NN16 9QY,ASDA,https://deliveroo.co.uk/menu/Kettering/kettering/4436-asda-kettering?day=today&geohash=gcr6pmnt52wh&time=ASAP,,Ready Meals & Fresh Pasta,N/A
NN16 9QY,ASDA,https://deliveroo.co.uk/menu/Kettering/kettering/4436-asda-kettering?day=today&geohash=gcr6pmnt52wh&time=ASAP,,Pizza & Garlic Bread,N/A
NN16 9QY,ASDA,https://deliveroo.co.uk/menu/Kettering/kettering/4436-asda-kettering?day=today&geohash=gcr6pmnt52wh&time=ASAP,,ASDA Fresh Counter Pizzas,N/A
NN16 9QY,ASDA,https://deliveroo.co.uk/menu/Kettering/kettering/4436-asda-kettering?day=today&geohash=gcr6pmnt52wh&time=ASAP,,Chocolate Bars & Pouches,N/A
NN16 9QY,ASDA,https://deliveroo.co.uk/menu/Kettering/kettering/4436-asda-kettering?day=today&geohash=gcr6pmnt52wh&time=ASAP,,Sweets & Chewing Gum,N/A
NN16 9QY,ASDA,https://deliveroo.co.uk/menu/Kettering/kettering/4436-asda-kettering?day=today&geohash=gcr6pmnt52wh&time=ASAP,,Boxed Chocolates & Gifts,N/A
NN16 9QY,ASDA,https://deliveroo.co.uk/menu/Kettering/kettering/4436-asda-kettering?day=today&geohash=gcr6pmnt52wh&time=ASAP,,Crisps,N/A
NN16 9QY,ASDA,https://deliveroo.co.uk/menu/Kettering/kettering/4436-asda-kettering?day=today&geohash=gcr6pmnt52wh&time=ASAP,,Nuts & Snacking,N/A
NN16 9QY,ASDA,https://deliveroo.co.uk/menu/Kettering/kettering/4436-asda-kettering?day=today&geohash=gcr6pmnt52wh&time=ASAP,,Cereal & Cereal Bars,N/A
NN16 9QY,ASDA,https://deliveroo.co.uk/menu/Kettering/kettering/4436-asda-kettering?day=today&geohash=gcr6pmnt52wh&time=ASAP,,Biscuits & Crackers,N/A
NN16 9QY,ASDA,https://deliveroo.co.uk/menu/Kettering/kettering/4436-asda-kettering?day=today&geohash=gcr6pmnt52wh&time=ASAP,,"Cookies, Donuts & Cake Bars",N/A
NN16 9QY,ASDA,https://deliveroo.co.uk/menu/Kettering/kettering/4436-asda-kettering?day=today&geohash=gcr6pmnt52wh&time=ASAP,,Instore Bakery,N/A
NN16 9QY,ASDA,https://deliveroo.co.uk/menu/Kettering/kettering/4436-asda-kettering?day=today&geohash=gcr6pmnt52wh&time=ASAP,,Baking & Sugar,N/A
NN16 9QY,ASDA,https://deliveroo.co.uk/menu/Kettering/kettering/4436-asda-kettering?day=today&geohash=gcr6pmnt52wh&time=ASAP,,"Rice, Pasta & Noodles",N/A
NN16 9QY,ASDA,https://deliveroo.co.uk/menu/Kettering/kettering/4436-asda-kettering?day=today&geohash=gcr6pmnt52wh&time=ASAP,,"Tins, Jars & Packets",N/A
NN16 9QY,ASDA,https://deliveroo.co.uk/menu/Kettering/kettering/4436-asda-kettering?day=today&geohash=gcr6pmnt52wh&time=ASAP,,"Oil, Sauces & Ingredients",N/A
NN16 9QY,ASDA,https://deliveroo.co.uk/menu/Kettering/kettering/4436-asda-kettering?day=today&geohash=gcr6pmnt52wh&time=ASAP,,Free From,N/A
NN16 9QY,ASDA,https://deliveroo.co.uk/menu/Kettering/kettering/4436-asda-kettering?day=today&geohash=gcr6pmnt52wh&time=ASAP,,Vegan & Vegetarian,N/A
NN16 9QY,ASDA,https://deliveroo.co.uk/menu/Kettering/kettering/4436-asda-kettering?day=today&geohash=gcr6pmnt52wh&time=ASAP,,Cleaning,N/A
NN16 9QY,ASDA,https://deliveroo.co.uk/menu/Kettering/kettering/4436-asda-kettering?day=today&geohash=gcr6pmnt52wh&time=ASAP,,Laundry,N/A
NN16 9QY,ASDA,https://deliveroo.co.uk/menu/Kettering/kettering/4436-asda-kettering?day=today&geohash=gcr6pmnt52wh&time=ASAP,,"Toilet Roll, Kitchen Roll & Tissues",N/A
NN16 9QY,ASDA,https://deliveroo.co.uk/menu/Kettering/kettering/4436-asda-kettering?day=today&geohash=gcr6pmnt52wh&time=ASAP,,Baby,N/A
NN16 9QY,ASDA,https://deliveroo.co.uk/menu/Kettering/kettering/4436-asda-kettering?day=today&geohash=gcr6pmnt52wh&time=ASAP,,Pet,N/A
NN16 9QY,ASDA,https://deliveroo.co.uk/menu/Kettering/kettering/4436-asda-kettering?day=today&geohash=gcr6pmnt52wh&time=ASAP,,E-Cigarettes & Tobacco,N/A
NN16 9QY,ASDA,https://deliveroo.co.uk/menu/Kettering/kettering/4436-asda-kettering?day=today&geohash=gcr6pmnt52wh&time=ASAP,,Toiletries,N/A
NN16 9QY,ASDA,https://deliveroo.co.uk/menu/Kettering/kettering/4436-asda-kettering?day=today&geohash=gcr6pmnt52wh&time=ASAP,,Health & Wellbeing,N/A
NN16 9QY,ASDA,https://deliveroo.co.uk/menu/Kettering/kettering/4436-asda-kettering?day=today&geohash=gcr6pmnt52wh&time=ASAP,,Flowers,N/A
NN16 9QY,Pizza Hut Delivery,https://deliveroo.co.uk/menu/Kettering/kettering/pizza-hut-delivery-kettering-821?day=today&geohash=gcr6pmnt52wh&time=ASAP,,EMPTY,0.50
NN16 9QY,Hai Sushi Japanese,https://deliveroo.co.uk/menu/Kettering/kettering/hai-sushi-japanese?day=today&geohash=gcr6pmnt52wh&time=ASAP,,EMPTY,0.50
NN16 9QY,One Stop,https://deliveroo.co.uk/menu/Kettering/brambleside/one-stop-brambleside?day=today&geohash=gcr6pmnt52wh&time=ASAP,,Star Offers,N/A
NN16 9QY,One Stop,https://deliveroo.co.uk/menu/Kettering/brambleside/one-stop-brambleside?day=today&geohash=gcr6pmnt52wh&time=ASAP,,Back to School,N/A
NN16 9QY,One Stop,https://deliveroo.co.uk/menu/Kettering/brambleside/one-stop-brambleside?day=today&geohash=gcr6pmnt52wh&time=ASAP,,Summer Sizzlers,N/A
NN16 9QY,One Stop,https://deliveroo.co.uk/menu/Kettering/brambleside/one-stop-brambleside?day=today&geohash=gcr6pmnt52wh&time=ASAP,,Top Picks,N/A
NN16 9QY,One Stop,https://deliveroo.co.uk/menu/Kettering/brambleside/one-stop-brambleside?day=today&geohash=gcr6pmnt52wh&time=ASAP,,✅ Price Matched to In-Store,N/A
NN16 9QY,One Stop,https://deliveroo.co.uk/menu/Kettering/brambleside/one-stop-brambleside?day=today&geohash=gcr6pmnt52wh&time=ASAP,,☑️ Selected by Tesco,N/A
NN16 9QY,One Stop,https://deliveroo.co.uk/menu/Kettering/brambleside/one-stop-brambleside?day=today&geohash=gcr6pmnt52wh&time=ASAP,,Snacks & Treats,N/A
NN16 9QY,One Stop,https://deliveroo.co.uk/menu/Kettering/brambleside/one-stop-brambleside?day=today&geohash=gcr6pmnt52wh&time=ASAP,,Robinsons Fruit Ice,N/A
NN16 9QY,One Stop,https://deliveroo.co.uk/menu/Kettering/brambleside/one-stop-brambleside?day=today&geohash=gcr6pmnt52wh&time=ASAP,,Tango Ice Blast,N/A
NN16 9QY,One Stop,https://deliveroo.co.uk/menu/Kettering/brambleside/one-stop-brambleside?day=today&geohash=gcr6pmnt52wh&time=ASAP,,F'real Milkshake,N/A
NN16 9QY,One Stop,https://deliveroo.co.uk/menu/Kettering/brambleside/one-stop-brambleside?day=today&geohash=gcr6pmnt52wh&time=ASAP,,Costa Coffee,N/A
NN16 9QY,One Stop,https://deliveroo.co.uk/menu/Kettering/brambleside/one-stop-brambleside?day=today&geohash=gcr6pmnt52wh&time=ASAP,,Dunkin' Donuts,N/A
NN16 9QY,One Stop,https://deliveroo.co.uk/menu/Kettering/brambleside/one-stop-brambleside?day=today&geohash=gcr6pmnt52wh&time=ASAP,,Flowers,N/A
NN16 9QY,One Stop,https://deliveroo.co.uk/menu/Kettering/brambleside/one-stop-brambleside?day=today&geohash=gcr6pmnt52wh&time=ASAP,,Bakery,N/A
NN16 9QY,One Stop,https://deliveroo.co.uk/menu/Kettering/brambleside/one-stop-brambleside?day=today&geohash=gcr6pmnt52wh&time=ASAP,,Cakes,N/A
NN16 9QY,One Stop,https://deliveroo.co.uk/menu/Kettering/brambleside/one-stop-brambleside?day=today&geohash=gcr6pmnt52wh&time=ASAP,,Fruit & Vegetables,N/A
NN16 9QY,One Stop,https://deliveroo.co.uk/menu/Kettering/brambleside/one-stop-brambleside?day=today&geohash=gcr6pmnt52wh&time=ASAP,,"Fresh Meat, Fish & Poultry",N/A
NN16 9QY,One Stop,https://deliveroo.co.uk/menu/Kettering/brambleside/one-stop-brambleside?day=today&geohash=gcr6pmnt52wh&time=ASAP,,"Deli, Cooked Meats & Dips",N/A
NN16 9QY,One Stop,https://deliveroo.co.uk/menu/Kettering/brambleside/one-stop-brambleside?day=today&geohash=gcr6pmnt52wh&time=ASAP,,"Milk, Eggs, Cheese & Dairy",N/A
NN16 9QY,One Stop,https://deliveroo.co.uk/menu/Kettering/brambleside/one-stop-brambleside?day=today&geohash=gcr6pmnt52wh&time=ASAP,,Yogurt & Desserts,N/A
NN16 9QY,One Stop,https://deliveroo.co.uk/menu/Kettering/brambleside/one-stop-brambleside?day=today&geohash=gcr6pmnt52wh&time=ASAP,,Fruit Juice & Smoothies,N/A
NN16 9QY,One Stop,https://deliveroo.co.uk/menu/Kettering/brambleside/one-stop-brambleside?day=today&geohash=gcr6pmnt52wh&time=ASAP,,Pizza & Ready Meals,N/A
NN16 9QY,One Stop,https://deliveroo.co.uk/menu/Kettering/brambleside/one-stop-brambleside?day=today&geohash=gcr6pmnt52wh&time=ASAP,,"Sandwiches, Pasties and Snacking",N/A
NN16 9QY,One Stop,https://deliveroo.co.uk/menu/Kettering/brambleside/one-stop-brambleside?day=today&geohash=gcr6pmnt52wh&time=ASAP,,"Mints, Gum & Sweets",N/A
NN16 9QY,One Stop,https://deliveroo.co.uk/menu/Kettering/brambleside/one-stop-brambleside?day=today&geohash=gcr6pmnt52wh&time=ASAP,,"Chocolate Bars, Pouches & Multipacks",N/A
NN16 9QY,One Stop,https://deliveroo.co.uk/menu/Kettering/brambleside/one-stop-brambleside?day=today&geohash=gcr6pmnt52wh&time=ASAP,,Gifting & Celebration Ideas,N/A
NN16 9QY,One Stop,https://deliveroo.co.uk/menu/Kettering/brambleside/one-stop-brambleside?day=today&geohash=gcr6pmnt52wh&time=ASAP,,"Crisps, Nuts & Snacks",N/A
NN16 9QY,One Stop,https://deliveroo.co.uk/menu/Kettering/brambleside/one-stop-brambleside?day=today&geohash=gcr6pmnt52wh&time=ASAP,,Frozen Desserts & Ice Cream,N/A
NN16 9QY,One Stop,https://deliveroo.co.uk/menu/Kettering/brambleside/one-stop-brambleside?day=today&geohash=gcr6pmnt52wh&time=ASAP,,Frozen Food,N/A
NN16 9QY,One Stop,https://deliveroo.co.uk/menu/Kettering/brambleside/one-stop-brambleside?day=today&geohash=gcr6pmnt52wh&time=ASAP,,Breakfast Cereals & Snack Bars,N/A
NN16 9QY,One Stop,https://deliveroo.co.uk/menu/Kettering/brambleside/one-stop-brambleside?day=today&geohash=gcr6pmnt52wh&time=ASAP,,Biscuits & Crackers,N/A
NN16 9QY,One Stop,https://deliveroo.co.uk/menu/Kettering/brambleside/one-stop-brambleside?day=today&geohash=gcr6pmnt52wh&time=ASAP,,"Tea, Coffee & Hot Chocolate",N/A
NN16 9QY,One Stop,https://deliveroo.co.uk/menu/Kettering/brambleside/one-stop-brambleside?day=today&geohash=gcr6pmnt52wh&time=ASAP,,"Home Baking, Desserts & Spreads",N/A
NN16 9QY,One Stop,https://deliveroo.co.uk/menu/Kettering/brambleside/one-stop-brambleside?day=today&geohash=gcr6pmnt52wh&time=ASAP,,"Rice, Pasta & Noodles",N/A
NN16 9QY,One Stop,https://deliveroo.co.uk/menu/Kettering/brambleside/one-stop-brambleside?day=today&geohash=gcr6pmnt52wh&time=ASAP,,Cooking Sauces & World Foods,N/A
NN16 9QY,One Stop,https://deliveroo.co.uk/menu/Kettering/brambleside/one-stop-brambleside?day=today&geohash=gcr6pmnt52wh&time=ASAP,,"Tins, Jars & Packets",N/A
NN16 9QY,One Stop,https://deliveroo.co.uk/menu/Kettering/brambleside/one-stop-brambleside?day=today&geohash=gcr6pmnt52wh&time=ASAP,,"Sauces, Seasonings & Oils",N/A
NN16 9QY,One Stop,https://deliveroo.co.uk/menu/Kettering/brambleside/one-stop-brambleside?day=today&geohash=gcr6pmnt52wh&time=ASAP,,Single Soft Drinks,N/A
NN16 9QY,One Stop,https://deliveroo.co.uk/menu/Kettering/brambleside/one-stop-brambleside?day=today&geohash=gcr6pmnt52wh&time=ASAP,,Multipack & Sharing Soft Drinks,N/A
NN16 9QY,One Stop,https://deliveroo.co.uk/menu/Kettering/brambleside/one-stop-brambleside?day=today&geohash=gcr6pmnt52wh&time=ASAP,,"Squash, Cordial & Juice",N/A
NN16 9QY,One Stop,https://deliveroo.co.uk/menu/Kettering/brambleside/one-stop-brambleside?day=today&geohash=gcr6pmnt52wh&time=ASAP,,Water,N/A
NN16 9QY,One Stop,https://deliveroo.co.uk/menu/Kettering/brambleside/one-stop-brambleside?day=today&geohash=gcr6pmnt52wh&time=ASAP,,Energy Drinks,N/A
NN16 9QY,One Stop,https://deliveroo.co.uk/menu/Kettering/brambleside/one-stop-brambleside?day=today&geohash=gcr6pmnt52wh&time=ASAP,,Mixers and Tonics,N/A
NN16 9QY,One Stop,https://deliveroo.co.uk/menu/Kettering/brambleside/one-stop-brambleside?day=today&geohash=gcr6pmnt52wh&time=ASAP,,Medicines,N/A
NN16 9QY,One Stop,https://deliveroo.co.uk/menu/Kettering/brambleside/one-stop-brambleside?day=today&geohash=gcr6pmnt52wh&time=ASAP,,Baby,N/A
NN16 9QY,One Stop,https://deliveroo.co.uk/menu/Kettering/brambleside/one-stop-brambleside?day=today&geohash=gcr6pmnt52wh&time=ASAP,,"Toiletries, Health & Beauty",N/A
NN16 9QY,One Stop,https://deliveroo.co.uk/menu/Kettering/brambleside/one-stop-brambleside?day=today&geohash=gcr6pmnt52wh&time=ASAP,,Household & Cleaning,N/A
NN16 9QY,One Stop,https://deliveroo.co.uk/menu/Kettering/brambleside/one-stop-brambleside?day=today&geohash=gcr6pmnt52wh&time=ASAP,,Pet,N/A
NN16 9QY,One Stop,https://deliveroo.co.uk/menu/Kettering/brambleside/one-stop-brambleside?day=today&geohash=gcr6pmnt52wh&time=ASAP,,Batteries & Light Bulbs,N/A
NN16 9QY,One Stop,https://deliveroo.co.uk/menu/Kettering/brambleside/one-stop-brambleside?day=today&geohash=gcr6pmnt52wh&time=ASAP,,"Phone Accessories, Gadgets & Toys",N/A
NN16 9QY,One Stop,https://deliveroo.co.uk/menu/Kettering/brambleside/one-stop-brambleside?day=today&geohash=gcr6pmnt52wh&time=ASAP,,Stationery,N/A
NN16 9QY,One Stop,https://deliveroo.co.uk/menu/Kettering/brambleside/one-stop-brambleside?day=today&geohash=gcr6pmnt52wh&time=ASAP,,Vaping,N/A
NN16 9QY,One Stop,https://deliveroo.co.uk/menu/Kettering/brambleside/one-stop-brambleside?day=today&geohash=gcr6pmnt52wh&time=ASAP,,"Cigarettes, Tobacco & Lighters",N/A
NN16 9QY,Chrysler Garage,https://deliveroo.co.uk/menu/Kettering/kettering/chrysler-garage-ltd?day=today&geohash=gcr6pmnt52wh&time=ASAP,,Alcoholic Multipacks,N/A
NN16 9QY,Chrysler Garage,https://deliveroo.co.uk/menu/Kettering/kettering/chrysler-garage-ltd?day=today&geohash=gcr6pmnt52wh&time=ASAP,,White Wine,N/A
NN16 9QY,Chrysler Garage,https://deliveroo.co.uk/menu/Kettering/kettering/chrysler-garage-ltd?day=today&geohash=gcr6pmnt52wh&time=ASAP,,Rosé Wine,N/A
NN16 9QY,Chrysler Garage,https://deliveroo.co.uk/menu/Kettering/kettering/chrysler-garage-ltd?day=today&geohash=gcr6pmnt52wh&time=ASAP,,Red Wine,N/A
NN16 9QY,Chrysler Garage,https://deliveroo.co.uk/menu/Kettering/kettering/chrysler-garage-ltd?day=today&geohash=gcr6pmnt52wh&time=ASAP,,Prosecco,N/A
NN16 9QY,Chrysler Garage,https://deliveroo.co.uk/menu/Kettering/kettering/chrysler-garage-ltd?day=today&geohash=gcr6pmnt52wh&time=ASAP,,Beer and Lager,N/A
NN16 9QY,Chrysler Garage,https://deliveroo.co.uk/menu/Kettering/kettering/chrysler-garage-ltd?day=today&geohash=gcr6pmnt52wh&time=ASAP,,Cider,N/A
NN16 9QY,Chrysler Garage,https://deliveroo.co.uk/menu/Kettering/kettering/chrysler-garage-ltd?day=today&geohash=gcr6pmnt52wh&time=ASAP,,Ale,N/A
NN16 9QY,Chrysler Garage,https://deliveroo.co.uk/menu/Kettering/kettering/chrysler-garage-ltd?day=today&geohash=gcr6pmnt52wh&time=ASAP,,Spirit,N/A
NN16 9QY,Chrysler Garage,https://deliveroo.co.uk/menu/Kettering/kettering/chrysler-garage-ltd?day=today&geohash=gcr6pmnt52wh&time=ASAP,,Premixed Drinks,N/A
NN16 9QY,Chrysler Garage,https://deliveroo.co.uk/menu/Kettering/kettering/chrysler-garage-ltd?day=today&geohash=gcr6pmnt52wh&time=ASAP,,Dog Food and Treats,N/A
NN16 9QY,Chrysler Garage,https://deliveroo.co.uk/menu/Kettering/kettering/chrysler-garage-ltd?day=today&geohash=gcr6pmnt52wh&time=ASAP,,Cat Food and Litter,N/A
NN16 9QY,Chrysler Garage,https://deliveroo.co.uk/menu/Kettering/kettering/chrysler-garage-ltd?day=today&geohash=gcr6pmnt52wh&time=ASAP,,Essentials,N/A
NN16 9QY,Chrysler Garage,https://deliveroo.co.uk/menu/Kettering/kettering/chrysler-garage-ltd?day=today&geohash=gcr6pmnt52wh&time=ASAP,,Biscuits,N/A
NN16 9QY,Chrysler Garage,https://deliveroo.co.uk/menu/Kettering/kettering/chrysler-garage-ltd?day=today&geohash=gcr6pmnt52wh&time=ASAP,,Grocery,N/A
NN16 9QY,Chrysler Garage,https://deliveroo.co.uk/menu/Kettering/kettering/chrysler-garage-ltd?day=today&geohash=gcr6pmnt52wh&time=ASAP,,"Tea's, Coffees and Choc",N/A
NN16 9QY,Chrysler Garage,https://deliveroo.co.uk/menu/Kettering/kettering/chrysler-garage-ltd?day=today&geohash=gcr6pmnt52wh&time=ASAP,,Table and Cooking Sauces,N/A
NN16 9QY,Chrysler Garage,https://deliveroo.co.uk/menu/Kettering/kettering/chrysler-garage-ltd?day=today&geohash=gcr6pmnt52wh&time=ASAP,,Cereals,N/A
NN16 9QY,Chrysler Garage,https://deliveroo.co.uk/menu/Kettering/kettering/chrysler-garage-ltd?day=today&geohash=gcr6pmnt52wh&time=ASAP,,Soft Drinks,N/A
NN16 9QY,Chrysler Garage,https://deliveroo.co.uk/menu/Kettering/kettering/chrysler-garage-ltd?day=today&geohash=gcr6pmnt52wh&time=ASAP,,Canned Soft Drinks,N/A
NN16 9QY,Chrysler Garage,https://deliveroo.co.uk/menu/Kettering/kettering/chrysler-garage-ltd?day=today&geohash=gcr6pmnt52wh&time=ASAP,,Energy Drinks,N/A
NN16 9QY,Chrysler Garage,https://deliveroo.co.uk/menu/Kettering/kettering/chrysler-garage-ltd?day=today&geohash=gcr6pmnt52wh&time=ASAP,,Large Chilled Bottles,N/A
NN16 9QY,Chrysler Garage,https://deliveroo.co.uk/menu/Kettering/kettering/chrysler-garage-ltd?day=today&geohash=gcr6pmnt52wh&time=ASAP,,Confectionery,N/A
NN16 9QY,Chrysler Garage,https://deliveroo.co.uk/menu/Kettering/kettering/chrysler-garage-ltd?day=today&geohash=gcr6pmnt52wh&time=ASAP,,Crisps,N/A
NN16 9QY,Chrysler Garage,https://deliveroo.co.uk/menu/Kettering/kettering/chrysler-garage-ltd?day=today&geohash=gcr6pmnt52wh&time=ASAP,,Cakes & Treats,N/A
NN16 9QY,Chrysler Garage,https://deliveroo.co.uk/menu/Kettering/kettering/chrysler-garage-ltd?day=today&geohash=gcr6pmnt52wh&time=ASAP,,Toilet Rolls and Kitchen Towels,N/A
NN16 9QY,Chrysler Garage,https://deliveroo.co.uk/menu/Kettering/kettering/chrysler-garage-ltd?day=today&geohash=gcr6pmnt52wh&time=ASAP,,Household,N/A
NN16 9QY,Chrysler Garage,https://deliveroo.co.uk/menu/Kettering/kettering/chrysler-garage-ltd?day=today&geohash=gcr6pmnt52wh&time=ASAP,,Ice Creams and Desserts,N/A
NN16 9QY,Chrysler Garage,https://deliveroo.co.uk/menu/Kettering/kettering/chrysler-garage-ltd?day=today&geohash=gcr6pmnt52wh&time=ASAP,,Frozen Foods,N/A
NN16 9QY,Chrysler Garage,https://deliveroo.co.uk/menu/Kettering/kettering/chrysler-garage-ltd?day=today&geohash=gcr6pmnt52wh&time=ASAP,,"American Drinks , Sweets and Pickles",N/A
NN16 9QY,Chrysler Garage,https://deliveroo.co.uk/menu/Kettering/kettering/chrysler-garage-ltd?day=today&geohash=gcr6pmnt52wh&time=ASAP,,Tobacco,N/A
NN16 9QY,The Exotic Dining,https://deliveroo.co.uk/menu/Kettering/kettering/the-exotic-dining?day=today&geohash=gcr6pmnt52wh&time=ASAP,,EMPTY,0.70
NN16 9QY,MrBeast Burger,https://deliveroo.co.uk/menu/Kettering/kettering/mrbeast-burger-avondale-road-nn16?day=today&geohash=gcr6pmnt52wh&time=ASAP,,,
NN16 9QY,Bella Sicilia,https://deliveroo.co.uk/menu/Kettering/kettering/bella-sicilia-kettering?day=today&geohash=gcr6pmnt52wh&time=ASAP,,EMPTY,0.70
NN16 9QY,Papa John's,https://deliveroo.co.uk/menu/Kettering/kettering/papa-johns-kettering?day=today&geohash=gcr6pmnt52wh&time=ASAP,,EMPTY,0.70
NN16 9QY,A & K Food and Drinks t/a A&K Groceries and Off Licence,https://deliveroo.co.uk/menu/Kettering/kettering/a-k-grocerices-and-off-licence-37-newland-street?day=today&geohash=gcr6pmnt52wh&time=ASAP,,Instant Meal,0.70
NN16 9QY,A & K Food and Drinks t/a A&K Groceries and Off Licence,https://deliveroo.co.uk/menu/Kettering/kettering/a-k-grocerices-and-off-licence-37-newland-street?day=today&geohash=gcr6pmnt52wh&time=ASAP,,Cereals,0.70
NN16 9QY,A & K Food and Drinks t/a A&K Groceries and Off Licence,https://deliveroo.co.uk/menu/Kettering/kettering/a-k-grocerices-and-off-licence-37-newland-street?day=today&geohash=gcr6pmnt52wh&time=ASAP,,Crisps,0.70
NN16 9QY,A & K Food and Drinks t/a A&K Groceries and Off Licence,https://deliveroo.co.uk/menu/Kettering/kettering/a-k-grocerices-and-off-licence-37-newland-street?day=today&geohash=gcr6pmnt52wh&time=ASAP,,Cookies and Biscuits,0.70
NN16 9QY,A & K Food and Drinks t/a A&K Groceries and Off Licence,https://deliveroo.co.uk/menu/Kettering/kettering/a-k-grocerices-and-off-licence-37-newland-street?day=today&geohash=gcr6pmnt52wh&time=ASAP,,Chocolate and Sweets,0.70
NN16 9QY,A & K Food and Drinks t/a A&K Groceries and Off Licence,https://deliveroo.co.uk/menu/Kettering/kettering/a-k-grocerices-and-off-licence-37-newland-street?day=today&geohash=gcr6pmnt52wh&time=ASAP,,Groceries,0.70
NN16 9QY,A & K Food and Drinks t/a A&K Groceries and Off Licence,https://deliveroo.co.uk/menu/Kettering/kettering/a-k-grocerices-and-off-licence-37-newland-street?day=today&geohash=gcr6pmnt52wh&time=ASAP,,Soft Drinks,0.70
NN16 9QY,A & K Food and Drinks t/a A&K Groceries and Off Licence,https://deliveroo.co.uk/menu/Kettering/kettering/a-k-grocerices-and-off-licence-37-newland-street?day=today&geohash=gcr6pmnt52wh&time=ASAP,,Tobacco,0.70
NN16 9QY,A & B Booze 4 U,https://deliveroo.co.uk/menu/Kettering/kettering/a-and-b-booze-4-u?day=today&geohash=gcr6pmnt52wh&time=ASAP,,Beer,N/A
NN16 9QY,A & B Booze 4 U,https://deliveroo.co.uk/menu/Kettering/kettering/a-and-b-booze-4-u?day=today&geohash=gcr6pmnt52wh&time=ASAP,,Cider,N/A
NN16 9QY,A & B Booze 4 U,https://deliveroo.co.uk/menu/Kettering/kettering/a-and-b-booze-4-u?day=today&geohash=gcr6pmnt52wh&time=ASAP,,Ale,N/A
NN16 9QY,A & B Booze 4 U,https://deliveroo.co.uk/menu/Kettering/kettering/a-and-b-booze-4-u?day=today&geohash=gcr6pmnt52wh&time=ASAP,,Beer Cases,N/A
NN16 9QY,A & B Booze 4 U,https://deliveroo.co.uk/menu/Kettering/kettering/a-and-b-booze-4-u?day=today&geohash=gcr6pmnt52wh&time=ASAP,,Cider Cases,N/A
NN16 9QY,A & B Booze 4 U,https://deliveroo.co.uk/menu/Kettering/kettering/a-and-b-booze-4-u?day=today&geohash=gcr6pmnt52wh&time=ASAP,,Bottled Beer,N/A
NN16 9QY,A & B Booze 4 U,https://deliveroo.co.uk/menu/Kettering/kettering/a-and-b-booze-4-u?day=today&geohash=gcr6pmnt52wh&time=ASAP,,Bottled Cider,N/A
NN16 9QY,A & B Booze 4 U,https://deliveroo.co.uk/menu/Kettering/kettering/a-and-b-booze-4-u?day=today&geohash=gcr6pmnt52wh&time=ASAP,,Premixed Drinks,N/A
NN16 9QY,A & B Booze 4 U,https://deliveroo.co.uk/menu/Kettering/kettering/a-and-b-booze-4-u?day=today&geohash=gcr6pmnt52wh&time=ASAP,,Vodka,N/A
NN16 9QY,A & B Booze 4 U,https://deliveroo.co.uk/menu/Kettering/kettering/a-and-b-booze-4-u?day=today&geohash=gcr6pmnt52wh&time=ASAP,,Tequila,N/A
NN16 9QY,A & B Booze 4 U,https://deliveroo.co.uk/menu/Kettering/kettering/a-and-b-booze-4-u?day=today&geohash=gcr6pmnt52wh&time=ASAP,,Whiskey,N/A
NN16 9QY,A & B Booze 4 U,https://deliveroo.co.uk/menu/Kettering/kettering/a-and-b-booze-4-u?day=today&geohash=gcr6pmnt52wh&time=ASAP,,Cognac & Brandy,N/A
NN16 9QY,A & B Booze 4 U,https://deliveroo.co.uk/menu/Kettering/kettering/a-and-b-booze-4-u?day=today&geohash=gcr6pmnt52wh&time=ASAP,,Rum,N/A
NN16 9QY,A & B Booze 4 U,https://deliveroo.co.uk/menu/Kettering/kettering/a-and-b-booze-4-u?day=today&geohash=gcr6pmnt52wh&time=ASAP,,Liquor,N/A
NN16 9QY,A & B Booze 4 U,https://deliveroo.co.uk/menu/Kettering/kettering/a-and-b-booze-4-u?day=today&geohash=gcr6pmnt52wh&time=ASAP,,Gin,N/A
NN16 9QY,A & B Booze 4 U,https://deliveroo.co.uk/menu/Kettering/kettering/a-and-b-booze-4-u?day=today&geohash=gcr6pmnt52wh&time=ASAP,,Shots,N/A
NN16 9QY,A & B Booze 4 U,https://deliveroo.co.uk/menu/Kettering/kettering/a-and-b-booze-4-u?day=today&geohash=gcr6pmnt52wh&time=ASAP,,Champagne & Sparkling,N/A
NN16 9QY,A & B Booze 4 U,https://deliveroo.co.uk/menu/Kettering/kettering/a-and-b-booze-4-u?day=today&geohash=gcr6pmnt52wh&time=ASAP,,Rose Wine,N/A
NN16 9QY,A & B Booze 4 U,https://deliveroo.co.uk/menu/Kettering/kettering/a-and-b-booze-4-u?day=today&geohash=gcr6pmnt52wh&time=ASAP,,White Wine,N/A
NN16 9QY,A & B Booze 4 U,https://deliveroo.co.uk/menu/Kettering/kettering/a-and-b-booze-4-u?day=today&geohash=gcr6pmnt52wh&time=ASAP,,Red Wine,N/A
NN16 9QY,A & B Booze 4 U,https://deliveroo.co.uk/menu/Kettering/kettering/a-and-b-booze-4-u?day=today&geohash=gcr6pmnt52wh&time=ASAP,,Tonic Wine,N/A
NN16 9QY,A & B Booze 4 U,https://deliveroo.co.uk/menu/Kettering/kettering/a-and-b-booze-4-u?day=today&geohash=gcr6pmnt52wh&time=ASAP,,Chocolate,N/A
NN16 9QY,A & B Booze 4 U,https://deliveroo.co.uk/menu/Kettering/kettering/a-and-b-booze-4-u?day=today&geohash=gcr6pmnt52wh&time=ASAP,,Sweets,N/A
NN16 9QY,A & B Booze 4 U,https://deliveroo.co.uk/menu/Kettering/kettering/a-and-b-booze-4-u?day=today&geohash=gcr6pmnt52wh&time=ASAP,,Crisps,N/A
NN16 9QY,A & B Booze 4 U,https://deliveroo.co.uk/menu/Kettering/kettering/a-and-b-booze-4-u?day=today&geohash=gcr6pmnt52wh&time=ASAP,,Milk & Bread,N/A
NN16 9QY,A & B Booze 4 U,https://deliveroo.co.uk/menu/Kettering/kettering/a-and-b-booze-4-u?day=today&geohash=gcr6pmnt52wh&time=ASAP,,2L Bottles & Mixers,N/A
NN16 9QY,A & B Booze 4 U,https://deliveroo.co.uk/menu/Kettering/kettering/a-and-b-booze-4-u?day=today&geohash=gcr6pmnt52wh&time=ASAP,,500ml,N/A
NN16 9QY,A & B Booze 4 U,https://deliveroo.co.uk/menu/Kettering/kettering/a-and-b-booze-4-u?day=today&geohash=gcr6pmnt52wh&time=ASAP,,Juice & Squash,N/A
NN16 9QY,A & B Booze 4 U,https://deliveroo.co.uk/menu/Kettering/kettering/a-and-b-booze-4-u?day=today&geohash=gcr6pmnt52wh&time=ASAP,,Water,N/A
NN16 9QY,A & B Booze 4 U,https://deliveroo.co.uk/menu/Kettering/kettering/a-and-b-booze-4-u?day=today&geohash=gcr6pmnt52wh&time=ASAP,,Milkshakes,N/A
NN16 9QY,A & B Booze 4 U,https://deliveroo.co.uk/menu/Kettering/kettering/a-and-b-booze-4-u?day=today&geohash=gcr6pmnt52wh&time=ASAP,,Energy Drinks,N/A
NN16 9QY,A & B Booze 4 U,https://deliveroo.co.uk/menu/Kettering/kettering/a-and-b-booze-4-u?day=today&geohash=gcr6pmnt52wh&time=ASAP,,Cigarettes,N/A
NN16 9QY,A & B Booze 4 U,https://deliveroo.co.uk/menu/Kettering/kettering/a-and-b-booze-4-u?day=today&geohash=gcr6pmnt52wh&time=ASAP,,Tobacco,N/A
NN16 9QY,Buffalo Chicken,https://deliveroo.co.uk/menu/Kettering/kettering/buffalo-chicken-kettering?day=today&geohash=gcr6pmnt52wh&time=ASAP,,EMPTY,0.70
NN16 9QY,Morrisons,https://deliveroo.co.uk/menu/Kettering/kettering/morrisons-kettering-lower-street?day=today&geohash=gcr6pmnt52wh&time=ASAP,,In Store Prices,N/A
NN16 9QY,Morrisons,https://deliveroo.co.uk/menu/Kettering/kettering/morrisons-kettering-lower-street?day=today&geohash=gcr6pmnt52wh&time=ASAP,,Freshers Week Returns,N/A
NN16 9QY,Morrisons,https://deliveroo.co.uk/menu/Kettering/kettering/morrisons-kettering-lower-street?day=today&geohash=gcr6pmnt52wh&time=ASAP,,Back to Uni Essentials,N/A
NN16 9QY,Morrisons,https://deliveroo.co.uk/menu/Kettering/kettering/morrisons-kettering-lower-street?day=today&geohash=gcr6pmnt52wh&time=ASAP,,Autumn Warmers,N/A
NN16 9QY,Morrisons,https://deliveroo.co.uk/menu/Kettering/kettering/morrisons-kettering-lower-street?day=today&geohash=gcr6pmnt52wh&time=ASAP,,Festive Favorites!,N/A
NN16 9QY,Morrisons,https://deliveroo.co.uk/menu/Kettering/kettering/morrisons-kettering-lower-street?day=today&geohash=gcr6pmnt52wh&time=ASAP,,Fruit,N/A
NN16 9QY,Morrisons,https://deliveroo.co.uk/menu/Kettering/kettering/morrisons-kettering-lower-street?day=today&geohash=gcr6pmnt52wh&time=ASAP,,Vegetables Salads & Fresh Herbs,N/A
NN16 9QY,Morrisons,https://deliveroo.co.uk/menu/Kettering/kettering/morrisons-kettering-lower-street?day=today&geohash=gcr6pmnt52wh&time=ASAP,,Meat and Poultry,N/A
NN16 9QY,Morrisons,https://deliveroo.co.uk/menu/Kettering/kettering/morrisons-kettering-lower-street?day=today&geohash=gcr6pmnt52wh&time=ASAP,,Seafood,N/A
NN16 9QY,Morrisons,https://deliveroo.co.uk/menu/Kettering/kettering/morrisons-kettering-lower-street?day=today&geohash=gcr6pmnt52wh&time=ASAP,,Milk Dairy & Fresh Juices,N/A
NN16 9QY,Morrisons,https://deliveroo.co.uk/menu/Kettering/kettering/morrisons-kettering-lower-street?day=today&geohash=gcr6pmnt52wh&time=ASAP,,Eggs,N/A
NN16 9QY,Morrisons,https://deliveroo.co.uk/menu/Kettering/kettering/morrisons-kettering-lower-street?day=today&geohash=gcr6pmnt52wh&time=ASAP,,Cheese,N/A
NN16 9QY,Morrisons,https://deliveroo.co.uk/menu/Kettering/kettering/morrisons-kettering-lower-street?day=today&geohash=gcr6pmnt52wh&time=ASAP,,Free From,N/A
NN16 9QY,Morrisons,https://deliveroo.co.uk/menu/Kettering/kettering/morrisons-kettering-lower-street?day=today&geohash=gcr6pmnt52wh&time=ASAP,,Vegetarian & Plant Based,N/A
NN16 9QY,Morrisons,https://deliveroo.co.uk/menu/Kettering/kettering/morrisons-kettering-lower-street?day=today&geohash=gcr6pmnt52wh&time=ASAP,,Sandwiches Wraps & Snacks,N/A
NN16 9QY,Morrisons,https://deliveroo.co.uk/menu/Kettering/kettering/morrisons-kettering-lower-street?day=today&geohash=gcr6pmnt52wh&time=ASAP,,Single Serve Drinks,N/A
NN16 9QY,Morrisons,https://deliveroo.co.uk/menu/Kettering/kettering/morrisons-kettering-lower-street?day=today&geohash=gcr6pmnt52wh&time=ASAP,,Soft Drinks Cordial & Mixers,N/A
NN16 9QY,Morrisons,https://deliveroo.co.uk/menu/Kettering/kettering/morrisons-kettering-lower-street?day=today&geohash=gcr6pmnt52wh&time=ASAP,,Cooked Meat Deli & Dips,N/A
NN16 9QY,Morrisons,https://deliveroo.co.uk/menu/Kettering/kettering/morrisons-kettering-lower-street?day=today&geohash=gcr6pmnt52wh&time=ASAP,,Pizza Garlic Bread & Fresh Pasta,N/A
NN16 9QY,Morrisons,https://deliveroo.co.uk/menu/Kettering/kettering/morrisons-kettering-lower-street?day=today&geohash=gcr6pmnt52wh&time=ASAP,,Ready Meals & Soup,N/A
NN16 9QY,Morrisons,https://deliveroo.co.uk/menu/Kettering/kettering/morrisons-kettering-lower-street?day=today&geohash=gcr6pmnt52wh&time=ASAP,,Desserts,N/A
NN16 9QY,Morrisons,https://deliveroo.co.uk/menu/Kettering/kettering/morrisons-kettering-lower-street?day=today&geohash=gcr6pmnt52wh&time=ASAP,,Bakery & Cakes,N/A
NN16 9QY,Morrisons,https://deliveroo.co.uk/menu/Kettering/kettering/morrisons-kettering-lower-street?day=today&geohash=gcr6pmnt52wh&time=ASAP,,Chocolate Sweets & Biscuits,N/A
NN16 9QY,Morrisons,https://deliveroo.co.uk/menu/Kettering/kettering/morrisons-kettering-lower-street?day=today&geohash=gcr6pmnt52wh&time=ASAP,,Crisps Snacks & Nuts,N/A
NN16 9QY,Morrisons,https://deliveroo.co.uk/menu/Kettering/kettering/morrisons-kettering-lower-street?day=today&geohash=gcr6pmnt52wh&time=ASAP,,Rice and Pasta,N/A
NN16 9QY,Morrisons,https://deliveroo.co.uk/menu/Kettering/kettering/morrisons-kettering-lower-street?day=today&geohash=gcr6pmnt52wh&time=ASAP,,Food Cupboard,N/A
NN16 9QY,Morrisons,https://deliveroo.co.uk/menu/Kettering/kettering/morrisons-kettering-lower-street?day=today&geohash=gcr6pmnt52wh&time=ASAP,,Herbs & Spices,N/A
NN16 9QY,Morrisons,https://deliveroo.co.uk/menu/Kettering/kettering/morrisons-kettering-lower-street?day=today&geohash=gcr6pmnt52wh&time=ASAP,,World Foods,N/A
NN16 9QY,Morrisons,https://deliveroo.co.uk/menu/Kettering/kettering/morrisons-kettering-lower-street?day=today&geohash=gcr6pmnt52wh&time=ASAP,,Cereal & Spreads,N/A
NN16 9QY,Morrisons,https://deliveroo.co.uk/menu/Kettering/kettering/morrisons-kettering-lower-street?day=today&geohash=gcr6pmnt52wh&time=ASAP,,Tea Coffee and Hot Chocolate,N/A
NN16 9QY,Morrisons,https://deliveroo.co.uk/menu/Kettering/kettering/morrisons-kettering-lower-street?day=today&geohash=gcr6pmnt52wh&time=ASAP,,Home Baking & Tinned Fruit,N/A
NN16 9QY,Morrisons,https://deliveroo.co.uk/menu/Kettering/kettering/morrisons-kettering-lower-street?day=today&geohash=gcr6pmnt52wh&time=ASAP,,Baby,N/A
NN16 9QY,Morrisons,https://deliveroo.co.uk/menu/Kettering/kettering/morrisons-kettering-lower-street?day=today&geohash=gcr6pmnt52wh&time=ASAP,,Cleaning & Household,N/A
NN16 9QY,Morrisons,https://deliveroo.co.uk/menu/Kettering/kettering/morrisons-kettering-lower-street?day=today&geohash=gcr6pmnt52wh&time=ASAP,,Pet,N/A
NN16 9QY,Morrisons,https://deliveroo.co.uk/menu/Kettering/kettering/morrisons-kettering-lower-street?day=today&geohash=gcr6pmnt52wh&time=ASAP,,Toiletries,N/A
NN16 9QY,Morrisons,https://deliveroo.co.uk/menu/Kettering/kettering/morrisons-kettering-lower-street?day=today&geohash=gcr6pmnt52wh&time=ASAP,,Health Care,N/A
NN16 9QY,Morrisons,https://deliveroo.co.uk/menu/Kettering/kettering/morrisons-kettering-lower-street?day=today&geohash=gcr6pmnt52wh&time=ASAP,,Flowers & Gifting,N/A
NN16 9QY,Morrisons,https://deliveroo.co.uk/menu/Kettering/kettering/morrisons-kettering-lower-street?day=today&geohash=gcr6pmnt52wh&time=ASAP,,Frozen Foods,N/A
NN16 9QY,Morrisons,https://deliveroo.co.uk/menu/Kettering/kettering/morrisons-kettering-lower-street?day=today&geohash=gcr6pmnt52wh&time=ASAP,,Frozen Fruit & Vegetables,N/A
NN16 9QY,Morrisons,https://deliveroo.co.uk/menu/Kettering/kettering/morrisons-kettering-lower-street?day=today&geohash=gcr6pmnt52wh&time=ASAP,,Ice Cream & Frozen Desserts,N/A
NN16 9QY,Morrisons,https://deliveroo.co.uk/menu/Kettering/kettering/morrisons-kettering-lower-street?day=today&geohash=gcr6pmnt52wh&time=ASAP,,Ice Cream Accessories,N/A
NN16 9QY,Morrisons,https://deliveroo.co.uk/menu/Kettering/kettering/morrisons-kettering-lower-street?day=today&geohash=gcr6pmnt52wh&time=ASAP,,Beer & Cider,N/A
NN16 9QY,Morrisons,https://deliveroo.co.uk/menu/Kettering/kettering/morrisons-kettering-lower-street?day=today&geohash=gcr6pmnt52wh&time=ASAP,,No & Low Alcohol,N/A
NN16 9QY,Morrisons,https://deliveroo.co.uk/menu/Kettering/kettering/morrisons-kettering-lower-street?day=today&geohash=gcr6pmnt52wh&time=ASAP,,Wine & Sparkling,N/A
NN16 9QY,Morrisons,https://deliveroo.co.uk/menu/Kettering/kettering/morrisons-kettering-lower-street?day=today&geohash=gcr6pmnt52wh&time=ASAP,,Spirits,N/A
NN16 9QY,Morrisons,https://deliveroo.co.uk/menu/Kettering/kettering/morrisons-kettering-lower-street?day=today&geohash=gcr6pmnt52wh&time=ASAP,,Party Drinks & Cocktails,N/A
NN16 9QY,Morrisons,https://deliveroo.co.uk/menu/Kettering/kettering/morrisons-kettering-lower-street?day=today&geohash=gcr6pmnt52wh&time=ASAP,,Tobacco,N/A
NN16 9QY,Morrisons,https://deliveroo.co.uk/menu/Kettering/kettering/morrisons-kettering-lower-street?day=today&geohash=gcr6pmnt52wh&time=ASAP,,E-Cigarettes,N/A
NN16 9QY,Malaya57,https://deliveroo.co.uk/menu/Kettering/kettering/malaya57-5-6-silver-street?day=today&geohash=gcr6pmnt52wh&time=ASAP,,EMPTY,0.70
NN16 9QY,Burger Dudes,https://deliveroo.co.uk/menu/Kettering/kettering/burger-dudes-kettering?day=today&geohash=gcr6pmnt52wh&time=ASAP,,EMPTY,0.80
NN16 9QY,Subway,https://deliveroo.co.uk/menu/Kettering/kettering/subway-kettering-northfield-avenue-43917?day=today&geohash=gcr6pmnt52wh&time=ASAP,,EMPTY,0.80
NN16 9QY,Fireaway,https://deliveroo.co.uk/menu/Kettering/kettering/fireaway-kettering?day=today&geohash=gcr6pmnt52wh&time=ASAP,,EMPTY,0.80
NN16 9QY,Just Pizza UK.com,https://deliveroo.co.uk/menu/Kettering/kettering/just-pizza-ukcom?day=today&geohash=gcr6pmnt52wh&time=ASAP,,EMPTY,0.80
NN16 9QY,The Fat Burger,https://deliveroo.co.uk/menu/Kettering/kettering/the-fat-burger-kettering?day=today&geohash=gcr6pmnt52wh&time=ASAP,,EMPTY,0.80
NN16 9QY,The Fat Pizza,https://deliveroo.co.uk/menu/Kettering/kettering/the-fat-pizza-kettering?day=today&geohash=gcr6pmnt52wh&time=ASAP,,EMPTY,0.80
NN16 9QY,McDonald's,https://deliveroo.co.uk/menu/Kettering/kettering/mcdonalds-0187-kettering?day=today&geohash=gcr6pmnt52wh&time=ASAP,,EMPTY,0.90
NN16 9QY,The Wamas Lounge,https://deliveroo.co.uk/menu/Kettering/kettering/the-wamas-lounge?day=today&geohash=gcr6pmnt52wh&time=ASAP,,EMPTY,0.90
NN16 9QY,Lee Garden,https://deliveroo.co.uk/menu/Kettering/kettering/lee-garden-horse-market?day=today&geohash=gcr6pmnt52wh&time=ASAP,,EMPTY,0.90
NN16 9QY,Casa Di Roma,https://deliveroo.co.uk/menu/Kettering/kettering/casa-di-roma-market-street?day=today&geohash=gcr6pmnt52wh&time=ASAP,,EMPTY,0.90
NN16 9QY,Prezzo,https://deliveroo.co.uk/menu/Kettering/kettering/prezzo-kettering?day=today&geohash=gcr6pmnt52wh&time=ASAP,,EMPTY,1.00
NN16 9QY,Starbucks,https://deliveroo.co.uk/menu/Kettering/warkton/18172-starbucks-kettering?day=today&geohash=gcr6pmnt52wh&time=ASAP,,EMPTY,1.00
NN16 9QY,Red Rose,https://deliveroo.co.uk/menu/Kettering/kettering/red-rose-george-street?day=today&geohash=gcr6pmnt52wh&time=ASAP,,EMPTY,1.00
NN16 9QY,Atlantis Fish Bar,https://deliveroo.co.uk/menu/Kettering/kettering/atlantis-fish-bar-kettering?day=today&geohash=gcr6pmnt52wh&time=ASAP,,EMPTY,1.40
NN16 9QY,Troy's Traditional Fish & Chips,https://deliveroo.co.uk/menu/Kettering/ise-lodge/joes-traditional-fish-and-chips?day=today&geohash=gcr6pmnt52wh&time=ASAP,,EMPTY,1.70
NN16 9QY,Kettering Cod,https://deliveroo.co.uk/menu/Kettering/ise-lodge/kettering-cod?day=today&geohash=gcr6pmnt52wh&time=ASAP,,EMPTY,2.00
NN16 9QY,Ise Food Court,https://deliveroo.co.uk/menu/Kettering/ise-lodge/ise-food-court?day=today&geohash=gcr6pmnt52wh&time=ASAP,,EMPTY,2.00
NN16 9QY,bp M&S Food,https://deliveroo.co.uk/menu/Kettering/kettering/bp-kettering-west?day=today&geohash=gcr6pmnt52wh&time=ASAP,,Top Offers,N/A
NN16 9QY,bp M&S Food,https://deliveroo.co.uk/menu/Kettering/kettering/bp-kettering-west?day=today&geohash=gcr6pmnt52wh&time=ASAP,,Favourites,N/A
NN16 9QY,bp M&S Food,https://deliveroo.co.uk/menu/Kettering/kettering/bp-kettering-west?day=today&geohash=gcr6pmnt52wh&time=ASAP,,M&S Remarksable Value,N/A
NN16 9QY,bp M&S Food,https://deliveroo.co.uk/menu/Kettering/kettering/bp-kettering-west?day=today&geohash=gcr6pmnt52wh&time=ASAP,,Hot & Iced Drinks,N/A
NN16 9QY,bp M&S Food,https://deliveroo.co.uk/menu/Kettering/kettering/bp-kettering-west?day=today&geohash=gcr6pmnt52wh&time=ASAP,,Juices & Smoothies,N/A
NN16 9QY,bp M&S Food,https://deliveroo.co.uk/menu/Kettering/kettering/bp-kettering-west?day=today&geohash=gcr6pmnt52wh&time=ASAP,,Water,N/A
NN16 9QY,bp M&S Food,https://deliveroo.co.uk/menu/Kettering/kettering/bp-kettering-west?day=today&geohash=gcr6pmnt52wh&time=ASAP,,Soft and Fizzy Drinks,N/A
NN16 9QY,bp M&S Food,https://deliveroo.co.uk/menu/Kettering/kettering/bp-kettering-west?day=today&geohash=gcr6pmnt52wh&time=ASAP,,Sports & Energy Drinks,N/A
NN16 9QY,bp M&S Food,https://deliveroo.co.uk/menu/Kettering/kettering/bp-kettering-west?day=today&geohash=gcr6pmnt52wh&time=ASAP,,Chocolate & Sweets,N/A
NN16 9QY,bp M&S Food,https://deliveroo.co.uk/menu/Kettering/kettering/bp-kettering-west?day=today&geohash=gcr6pmnt52wh&time=ASAP,,Sandwiches & Wraps,N/A
NN16 9QY,bp M&S Food,https://deliveroo.co.uk/menu/Kettering/kettering/bp-kettering-west?day=today&geohash=gcr6pmnt52wh&time=ASAP,,Prepared Salad & Fruit,N/A
NN16 9QY,bp M&S Food,https://deliveroo.co.uk/menu/Kettering/kettering/bp-kettering-west?day=today&geohash=gcr6pmnt52wh&time=ASAP,,"Fruit, Vegetables & Salad",N/A
NN16 9QY,bp M&S Food,https://deliveroo.co.uk/menu/Kettering/kettering/bp-kettering-west?day=today&geohash=gcr6pmnt52wh&time=ASAP,,Pizza & Prepared Meals,N/A
NN16 9QY,bp M&S Food,https://deliveroo.co.uk/menu/Kettering/kettering/bp-kettering-west?day=today&geohash=gcr6pmnt52wh&time=ASAP,,"Milk, Eggs & Dairy",N/A
NN16 9QY,bp M&S Food,https://deliveroo.co.uk/menu/Kettering/kettering/bp-kettering-west?day=today&geohash=gcr6pmnt52wh&time=ASAP,,"Cooked Meat, Deli & Dips",N/A
NN16 9QY,bp M&S Food,https://deliveroo.co.uk/menu/Kettering/kettering/bp-kettering-west?day=today&geohash=gcr6pmnt52wh&time=ASAP,,"Meat, Fish & Poultry",N/A
NN16 9QY,bp M&S Food,https://deliveroo.co.uk/menu/Kettering/kettering/bp-kettering-west?day=today&geohash=gcr6pmnt52wh&time=ASAP,,Pasta & Rice,N/A
NN16 9QY,bp M&S Food,https://deliveroo.co.uk/menu/Kettering/kettering/bp-kettering-west?day=today&geohash=gcr6pmnt52wh&time=ASAP,,Store Cupboard,N/A
NN16 9QY,bp M&S Food,https://deliveroo.co.uk/menu/Kettering/kettering/bp-kettering-west?day=today&geohash=gcr6pmnt52wh&time=ASAP,,"Laundry, Cleaning & Household",N/A
NN16 9QY,bp M&S Food,https://deliveroo.co.uk/menu/Kettering/kettering/bp-kettering-west?day=today&geohash=gcr6pmnt52wh&time=ASAP,,Healthcare & Toiletries ,N/A
NN16 9QY,bp M&S Food,https://deliveroo.co.uk/menu/Kettering/kettering/bp-kettering-west?day=today&geohash=gcr6pmnt52wh&time=ASAP,,Bakery & Cakes,N/A
NN16 9QY,bp M&S Food,https://deliveroo.co.uk/menu/Kettering/kettering/bp-kettering-west?day=today&geohash=gcr6pmnt52wh&time=ASAP,,Crisps & Savoury Snacks,N/A
NN16 9QY,bp M&S Food,https://deliveroo.co.uk/menu/Kettering/kettering/bp-kettering-west?day=today&geohash=gcr6pmnt52wh&time=ASAP,,Sweet Treats & Biscuits,N/A
NN16 9QY,bp M&S Food,https://deliveroo.co.uk/menu/Kettering/kettering/bp-kettering-west?day=today&geohash=gcr6pmnt52wh&time=ASAP,,Desserts,N/A
NN16 9QY,bp M&S Food,https://deliveroo.co.uk/menu/Kettering/kettering/bp-kettering-west?day=today&geohash=gcr6pmnt52wh&time=ASAP,,Ice Cream & Ice,N/A
NN16 9QY,bp M&S Food,https://deliveroo.co.uk/menu/Kettering/kettering/bp-kettering-west?day=today&geohash=gcr6pmnt52wh&time=ASAP,,Beers & Ciders ,N/A
NN16 9QY,bp M&S Food,https://deliveroo.co.uk/menu/Kettering/kettering/bp-kettering-west?day=today&geohash=gcr6pmnt52wh&time=ASAP,,Spirits,N/A
NN16 9QY,bp M&S Food,https://deliveroo.co.uk/menu/Kettering/kettering/bp-kettering-west?day=today&geohash=gcr6pmnt52wh&time=ASAP,,Cocktail Cans,N/A
NN16 9QY,bp M&S Food,https://deliveroo.co.uk/menu/Kettering/kettering/bp-kettering-west?day=today&geohash=gcr6pmnt52wh&time=ASAP,,Mixers,N/A
NN16 9QY,bp M&S Food,https://deliveroo.co.uk/menu/Kettering/kettering/bp-kettering-west?day=today&geohash=gcr6pmnt52wh&time=ASAP,,Wine & Fizz ,N/A
NN16 9QY,bp M&S Food,https://deliveroo.co.uk/menu/Kettering/kettering/bp-kettering-west?day=today&geohash=gcr6pmnt52wh&time=ASAP,,Gifting ,N/A
NN16 9QY,bp M&S Food,https://deliveroo.co.uk/menu/Kettering/kettering/bp-kettering-west?day=today&geohash=gcr6pmnt52wh&time=ASAP,,Tobacco & Vape,N/A
NN16 9QY,bp M&S Food,https://deliveroo.co.uk/menu/Kettering/kettering/bp-kettering-west?day=today&geohash=gcr6pmnt52wh&time=ASAP,,Newspapers & Magazines,N/A
NN16 9QY,Pizza Hut Restaurants,https://deliveroo.co.uk/menu/Kettering/kettering/phr-kettering-470?day=today&geohash=gcr6pmnt52wh&time=ASAP,,EMPTY,2.40
NN16 9QY,Nando's,https://deliveroo.co.uk/menu/Kettering/kettering/nandos-kettering?day=today&geohash=gcr6pmnt52wh&time=ASAP,,EMPTY,2.50
NN16 9QY,KFC,https://deliveroo.co.uk/menu/Kettering/kettering/8431-kfc-kettering-leisure-park?day=today&geohash=gcr6pmnt52wh&time=ASAP,,EMPTY,2.60
NN16 9QY,ODEON,https://deliveroo.co.uk/menu/Kettering/kettering/odeon-kettering?day=today&geohash=gcr6pmnt52wh&time=ASAP,,EMPTY,2.70
NN16 9QY,Charnel House,https://deliveroo.co.uk/menu/Kettering/rothwell/charnel-house?day=tomorrow&geohash=gcr6pmnt52wh&time=1745,,EMPTY,3.20
NN16 9QY,Franks Pizzeria,https://deliveroo.co.uk/menu/Kettering/kettering/franks-pizzeria?geohash=gcr6pmnt52wh,,EMPTY,0.40
NN16 9QY,Giorgio's,https://deliveroo.co.uk/menu/Kettering/kettering/giorgios?geohash=gcr6pmnt52wh,,EMPTY,0.50
NN16 9QY,Avondale Chippy,https://deliveroo.co.uk/menu/Kettering/kettering/avondale-chippy-ket?geohash=gcr6pmnt52wh,,EMPTY,0.70
NN16 9QY,Pizza Time,https://deliveroo.co.uk/menu/Kettering/kettering/pizza-time-avondale-road?geohash=gcr6pmnt52wh,,EMPTY,0.70
NN16 9QY,Sedir Restaurant,https://deliveroo.co.uk/menu/Kettering/kettering/sedir-restaurant-kett?geohash=gcr6pmnt52wh,,EMPTY,0.70
NN16 9QY,Mmmmm... Sandwiches & Salads,https://deliveroo.co.uk/menu/Kettering/kettering/mmmmm-sandwiches-and-salads?geohash=gcr6pmnt52wh,,EMPTY,0.70
NN16 9QY,Mouth Watering Popcorn,https://deliveroo.co.uk/menu/Kettering/kettering/mouth-watering-popcorn-kettering?geohash=gcr6pmnt52wh,,EMPTY,0.70
NN16 9QY,Zen Spice,https://deliveroo.co.uk/menu/Kettering/kettering/zen-spice?geohash=gcr6pmnt52wh,,EMPTY,0.80
NN16 9QY,Na Szczycie,https://deliveroo.co.uk/menu/Kettering/kettering/na-szczycie?geohash=gcr6pmnt52wh,,,
NN16 9QY,Mama Mia,https://deliveroo.co.uk/menu/Kettering/kettering/mama-mia-kettering?geohash=gcr6pmnt52wh,,EMPTY,0.80
NN16 9QY,Avondale Convenience Store,https://deliveroo.co.uk/menu/Kettering/kettering/avondale-food-and-wine?geohash=gcr6pmnt52wh,,,
NN16 9QY,Just Desserts & Things,https://deliveroo.co.uk/menu/Kettering/kettering/just-desserts-and-things?geohash=gcr6pmnt52wh,,EMPTY,0.80
NN16 9QY,Frydays,https://deliveroo.co.uk/menu/Kettering/kettering/frydays-of-kettering?geohash=gcr6pmnt52wh,,EMPTY,0.80
NN16 9QY,Bewiched Coffee,https://deliveroo.co.uk/menu/Kettering/kettering/bewiched-coffee-kettering?geohash=gcr6pmnt52wh,,EMPTY,0.80
NN16 9QY,Spaghetti Rock,https://deliveroo.co.uk/menu/Kettering/kettering/spaghetti-rock?geohash=gcr6pmnt52wh,,EMPTY,0.90
NN16 9QY,Home DZert,https://deliveroo.co.uk/menu/Kettering/kettering/home-dzert?geohash=gcr6pmnt52wh,,EMPTY,0.90
NN16 9QY,Jurassic Grill,https://deliveroo.co.uk/menu/Kettering/kettering/jurassic-grill-kettering?geohash=gcr6pmnt52wh,,EMPTY,0.90
NN16 9QY,Butterwick Bakery & Coffee Shop,https://deliveroo.co.uk/menu/Kettering/kettering/butterwick-bakery-and-coffee-shop-kettering?geohash=gcr6pmnt52wh,,EMPTY,0.90
NN16 9QY,Kafe Bloc,https://deliveroo.co.uk/menu/Kettering/kettering/kafe-bloc?geohash=gcr6pmnt52wh,,EMPTY,1.00
NN16 9QY,Glebe Farm Shop and Tearoom,https://deliveroo.co.uk/menu/Kettering/thorpe-malsor/glebe-farm-shop-and-tearoom?geohash=gcr6pmnt52wh,,EMPTY,1.20
NN16 9QY,McAuley's,https://deliveroo.co.uk/menu/Kettering/kettering/mcauleys-kettering?geohash=gcr6pmnt52wh,,EMPTY,1.30
NN16 9QY,The Trading Post,https://deliveroo.co.uk/menu/Kettering/kettering/the-trading-post?geohash=gcr6pmnt52wh,,EMPTY,1.60
NN16 9QY,Incredible Bakery Company,https://deliveroo.co.uk/menu/Kettering/warkton/incredible-bakery-company?geohash=gcr6pmnt52wh,,EMPTY,1.60
NN16 9QY,Urban Kitchen,https://deliveroo.co.uk/menu/Kettering/kettering/urban-kitchen-kettering?geohash=gcr6pmnt52wh,,EMPTY,1.90
NN16 9QY,The Red Lion,https://deliveroo.co.uk/menu/Kettering/rothwell/the-red-lion-rothwell?geohash=gcr6pmnt52wh,,EMPTY,3.20
NN16 9QY,Bath Road Convenience Store,https://deliveroo.co.uk/menu/Kettering/kettering/bath-road-convenience-store-kettering?geohash=gcr6pmnt52wh,,Breakfast Items,0.40
NN16 9QY,Bath Road Convenience Store,https://deliveroo.co.uk/menu/Kettering/kettering/bath-road-convenience-store-kettering?geohash=gcr6pmnt52wh,,Crisps,0.40
NN16 9QY,Bath Road Convenience Store,https://deliveroo.co.uk/menu/Kettering/kettering/bath-road-convenience-store-kettering?geohash=gcr6pmnt52wh,,Chocolates,0.40
NN16 9QY,Bath Road Convenience Store,https://deliveroo.co.uk/menu/Kettering/kettering/bath-road-convenience-store-kettering?geohash=gcr6pmnt52wh,,Sweets,0.40
NN16 9QY,Bath Road Convenience Store,https://deliveroo.co.uk/menu/Kettering/kettering/bath-road-convenience-store-kettering?geohash=gcr6pmnt52wh,,Ice,0.40
NN16 9QY,Bath Road Convenience Store,https://deliveroo.co.uk/menu/Kettering/kettering/bath-road-convenience-store-kettering?geohash=gcr6pmnt52wh,,Cigarettes and Tobacco,0.40
NN16 9QY,Bath Road Convenience Store,https://deliveroo.co.uk/menu/Kettering/kettering/bath-road-convenience-store-kettering?geohash=gcr6pmnt52wh,,Smoking Essentials,0.40
NN16 9QY,Bath Road Convenience Store,https://deliveroo.co.uk/menu/Kettering/kettering/bath-road-convenience-store-kettering?geohash=gcr6pmnt52wh,,Elf Bars,0.40
NN16 9QY,Bath Road Convenience Store,https://deliveroo.co.uk/menu/Kettering/kettering/bath-road-convenience-store-kettering?geohash=gcr6pmnt52wh,,Vodka,0.40
NN16 9QY,Bath Road Convenience Store,https://deliveroo.co.uk/menu/Kettering/kettering/bath-road-convenience-store-kettering?geohash=gcr6pmnt52wh,,Whiskey,0.40
NN16 9QY,Bath Road Convenience Store,https://deliveroo.co.uk/menu/Kettering/kettering/bath-road-convenience-store-kettering?geohash=gcr6pmnt52wh,,Cognac,0.40
NN16 9QY,Bath Road Convenience Store,https://deliveroo.co.uk/menu/Kettering/kettering/bath-road-convenience-store-kettering?geohash=gcr6pmnt52wh,,Gin and Tequila,0.40
NN16 9QY,Bath Road Convenience Store,https://deliveroo.co.uk/menu/Kettering/kettering/bath-road-convenience-store-kettering?geohash=gcr6pmnt52wh,,Rum,0.40
NN16 9QY,Bath Road Convenience Store,https://deliveroo.co.uk/menu/Kettering/kettering/bath-road-convenience-store-kettering?geohash=gcr6pmnt52wh,,Liquor,0.40
NN16 9QY,Bath Road Convenience Store,https://deliveroo.co.uk/menu/Kettering/kettering/bath-road-convenience-store-kettering?geohash=gcr6pmnt52wh,,Champagne and Prosecco,0.40
NN16 9QY,Bath Road Convenience Store,https://deliveroo.co.uk/menu/Kettering/kettering/bath-road-convenience-store-kettering?geohash=gcr6pmnt52wh,,Red Wine,0.40
NN16 9QY,Bath Road Convenience Store,https://deliveroo.co.uk/menu/Kettering/kettering/bath-road-convenience-store-kettering?geohash=gcr6pmnt52wh,,Rose Wine,0.40
NN16 9QY,Bath Road Convenience Store,https://deliveroo.co.uk/menu/Kettering/kettering/bath-road-convenience-store-kettering?geohash=gcr6pmnt52wh,,White Wine,0.40
NN16 9QY,Bath Road Convenience Store,https://deliveroo.co.uk/menu/Kettering/kettering/bath-road-convenience-store-kettering?geohash=gcr6pmnt52wh,,Beer,0.40
NN16 9QY,Bath Road Convenience Store,https://deliveroo.co.uk/menu/Kettering/kettering/bath-road-convenience-store-kettering?geohash=gcr6pmnt52wh,,Cider,0.40
NN16 9QY,Bath Road Convenience Store,https://deliveroo.co.uk/menu/Kettering/kettering/bath-road-convenience-store-kettering?geohash=gcr6pmnt52wh,,Mixers,0.40
NN16 9QY,Briars - Sizzling Pubs,https://deliveroo.co.uk/menu/Kettering/brambleside/briars-sizzling-pubs?geohash=gcr6pmnt52wh,,EMPTY,0.50
NN16 9QY,Gourmet Burgers 2 Go,https://deliveroo.co.uk/menu/Kettering/kettering/gourmet-burgers-2-go?geohash=gcr6pmnt52wh,,EMPTY,0.70
NN16 9QY,Tapri,https://deliveroo.co.uk/menu/Kettering/kettering/tapri-kettering?geohash=gcr6pmnt52wh,,EMPTY,0.70
NN16 9QY,RVK Stores,https://deliveroo.co.uk/menu/Kettering/kettering/rvk-stores-kettering?geohash=gcr6pmnt52wh,,Juices,0.70
NN16 9QY,RVK Stores,https://deliveroo.co.uk/menu/Kettering/kettering/rvk-stores-kettering?geohash=gcr6pmnt52wh,,Energy Drinks,0.70
NN16 9QY,RVK Stores,https://deliveroo.co.uk/menu/Kettering/kettering/rvk-stores-kettering?geohash=gcr6pmnt52wh,,Soft Drinks and vapes,0.70
NN16 9QY,RVK Stores,https://deliveroo.co.uk/menu/Kettering/kettering/rvk-stores-kettering?geohash=gcr6pmnt52wh,,Cigrattes,0.70
NN16 9QY,RVK Stores,https://deliveroo.co.uk/menu/Kettering/kettering/rvk-stores-kettering?geohash=gcr6pmnt52wh,,Tobacco,0.70
NN16 9QY,RVK Stores,https://deliveroo.co.uk/menu/Kettering/kettering/rvk-stores-kettering?geohash=gcr6pmnt52wh,,Alcohol Drinks,0.70
NN16 9QY,RVK Stores,https://deliveroo.co.uk/menu/Kettering/kettering/rvk-stores-kettering?geohash=gcr6pmnt52wh,,Vodka,0.70
NN16 9QY,RVK Stores,https://deliveroo.co.uk/menu/Kettering/kettering/rvk-stores-kettering?geohash=gcr6pmnt52wh,,Gin,0.70
NN16 9QY,Khwaja Indian Takeaway,https://deliveroo.co.uk/menu/Kettering/kettering/khwaja-indian-takeaway?geohash=gcr6pmnt52wh,,EMPTY,0.70
NN16 9QY,Pimento Pizza,https://deliveroo.co.uk/menu/Kettering/kettering/pimento-pizza?geohash=gcr6pmnt52wh,,EMPTY,0.70
NN16 9QY,Sonora Mexican Kitchen,https://deliveroo.co.uk/menu/Kettering/kettering/sonora-mexican-kitchen?geohash=gcr6pmnt52wh,,EMPTY,0.70
NN16 9QY,Julie's Cafe,https://deliveroo.co.uk/menu/Kettering/kettering/julies-cafe?geohash=gcr6pmnt52wh,,EMPTY,0.70
NN16 9QY,Pauls Stop N Shop,https://deliveroo.co.uk/menu/Kettering/kettering/pauls-stop-n-shop?geohash=gcr6pmnt52wh,,Sweets and Treats,N/A
NN16 9QY,Pauls Stop N Shop,https://deliveroo.co.uk/menu/Kettering/kettering/pauls-stop-n-shop?geohash=gcr6pmnt52wh,,Crisps and Dips,N/A
NN16 9QY,Pauls Stop N Shop,https://deliveroo.co.uk/menu/Kettering/kettering/pauls-stop-n-shop?geohash=gcr6pmnt52wh,,Beer and Cider,N/A
NN16 9QY,Pauls Stop N Shop,https://deliveroo.co.uk/menu/Kettering/kettering/pauls-stop-n-shop?geohash=gcr6pmnt52wh,,Wines,N/A
NN16 9QY,Pauls Stop N Shop,https://deliveroo.co.uk/menu/Kettering/kettering/pauls-stop-n-shop?geohash=gcr6pmnt52wh,,Grocery,N/A
NN16 9QY,Pauls Stop N Shop,https://deliveroo.co.uk/menu/Kettering/kettering/pauls-stop-n-shop?geohash=gcr6pmnt52wh,,Spirits,N/A
NN16 9QY,Pauls Stop N Shop,https://deliveroo.co.uk/menu/Kettering/kettering/pauls-stop-n-shop?geohash=gcr6pmnt52wh,,Soft Drinks and Water,N/A
NN16 9QY,Pauls Stop N Shop,https://deliveroo.co.uk/menu/Kettering/kettering/pauls-stop-n-shop?geohash=gcr6pmnt52wh,,Chilled,N/A
NN16 9QY,Pauls Stop N Shop,https://deliveroo.co.uk/menu/Kettering/kettering/pauls-stop-n-shop?geohash=gcr6pmnt52wh,,Biscuits,N/A
NN16 9QY,Pauls Stop N Shop,https://deliveroo.co.uk/menu/Kettering/kettering/pauls-stop-n-shop?geohash=gcr6pmnt52wh,,Protein Bars and Snacks,N/A
NN16 9QY,Pick n Mix & American Candy,https://deliveroo.co.uk/menu/Kettering/kettering/pick-n-mix-and-american-candy-kettering?geohash=gcr6pmnt52wh,,EMPTY,0.70
NN16 9QY,Vape & Coffee,https://deliveroo.co.uk/menu/Kettering/kettering/vape-and-coffee-kettering?geohash=gcr6pmnt52wh,,EMPTY,0.70
NN16 9QY,Corfee,https://deliveroo.co.uk/menu/Kettering/kettering/corfee-kettering?geohash=gcr6pmnt52wh,,EMPTY,0.70
NN16 9QY,Maemes’s Peri-Peri,https://deliveroo.co.uk/menu/Kettering/kettering/maemess-peri-peri?geohash=gcr6pmnt52wh,,EMPTY,0.70
NN16 9QY,Winging It,https://deliveroo.co.uk/menu/Kettering/kettering/winging-it-kettering?geohash=gcr6pmnt52wh,,EMPTY,0.70
NN16 9QY,Cafe Amore,https://deliveroo.co.uk/menu/Kettering/kettering/cafe-amore?geohash=gcr6pmnt52wh,,EMPTY,0.70
NN16 9QY,Cake Box,https://deliveroo.co.uk/menu/Kettering/kettering/cake-box-kettering?geohash=gcr6pmnt52wh,,EMPTY,0.80
NN16 9QY,Cafe Culture,https://deliveroo.co.uk/menu/Kettering/kettering/cafe-culture?geohash=gcr6pmnt52wh,,EMPTY,0.80
NN16 9QY,Eggfree Cake Inn,https://deliveroo.co.uk/menu/Kettering/kettering/eggfree-cake-inn-kettering?geohash=gcr6pmnt52wh,,EMPTY,0.80
NN16 9QY,Just Desserts,https://deliveroo.co.uk/menu/Kettering/kettering/just-desserts-kettering?geohash=gcr6pmnt52wh,,EMPTY,0.80
NN16 9QY,Dalkeith Place Cafe,https://deliveroo.co.uk/menu/Kettering/kettering/dalkeith-place-cafe?geohash=gcr6pmnt52wh,,EMPTY,0.80
NN16 9QY,Costa Coffee,https://deliveroo.co.uk/menu/Kettering/kettering/43035935-costa-coffee-kettering-high-street?geohash=gcr6pmnt52wh,,EMPTY,0.90
NN16 9QY,Jenny's Cafe & Restaurant,https://deliveroo.co.uk/menu/Kettering/kettering/jennys-cafe-and-restaurant?geohash=gcr6pmnt52wh,,EMPTY,0.90
NN16 9QY,Francy's Grill,https://deliveroo.co.uk/menu/Kettering/kettering/fancys-grill?geohash=gcr6pmnt52wh,,EMPTY,0.90
NN16 9QY,Presto Pizza,https://deliveroo.co.uk/menu/Kettering/kettering/presto-pizza-grange-pl?geohash=gcr6pmnt52wh,,EMPTY,0.90
NN16 9QY,Grange Fish Bar,https://deliveroo.co.uk/menu/Kettering/kettering/grange-fish-bar?geohash=gcr6pmnt52wh,,EMPTY,0.90
NN16 9QY,TomTom’s Burger Mania,https://deliveroo.co.uk/menu/Kettering/kettering/tomtoms-burger-mania-ltd?geohash=gcr6pmnt52wh,,EMPTY,0.90
NN16 9QY,Burger Mania,https://deliveroo.co.uk/menu/Kettering/kettering/burger-mania-market-street?geohash=gcr6pmnt52wh,,EMPTY,0.90
NN16 9QY,Rockys Gelato,https://deliveroo.co.uk/menu/Kettering/kettering/rockys-gelato?geohash=gcr6pmnt52wh,,EMPTY,1.00
NN16 9QY,Kettering Stores,https://deliveroo.co.uk/menu/Kettering/kettering/kettering-stores?geohash=gcr6pmnt52wh,,Dairy & Bread,1.20
NN16 9QY,Kettering Stores,https://deliveroo.co.uk/menu/Kettering/kettering/kettering-stores?geohash=gcr6pmnt52wh,,Chocolates,1.20
NN16 9QY,Kettering Stores,https://deliveroo.co.uk/menu/Kettering/kettering/kettering-stores?geohash=gcr6pmnt52wh,,Tobaco,1.20
NN16 9QY,Kettering Stores,https://deliveroo.co.uk/menu/Kettering/kettering/kettering-stores?geohash=gcr6pmnt52wh,,Sprit,1.20
NN16 9QY,Kettering Stores,https://deliveroo.co.uk/menu/Kettering/kettering/kettering-stores?geohash=gcr6pmnt52wh,,Beer & cider,1.20
NN16 9QY,Kettering Stores,https://deliveroo.co.uk/menu/Kettering/kettering/kettering-stores?geohash=gcr6pmnt52wh,,Soft drinks,1.20
NN16 9QY,Kettering Stores,https://deliveroo.co.uk/menu/Kettering/kettering/kettering-stores?geohash=gcr6pmnt52wh,,Frozen,1.20
NN16 9QY,Kettering Stores,https://deliveroo.co.uk/menu/Kettering/kettering/kettering-stores?geohash=gcr6pmnt52wh,,Icecreams,1.20
NN16 9QY,Kettering Stores,https://deliveroo.co.uk/menu/Kettering/kettering/kettering-stores?geohash=gcr6pmnt52wh,,Crips,1.20
NN16 9QY,Kettering Stores,https://deliveroo.co.uk/menu/Kettering/kettering/kettering-stores?geohash=gcr6pmnt52wh,,Condom & Tonic wine,1.20
NN16 9QY,Kettering Stores,https://deliveroo.co.uk/menu/Kettering/kettering/kettering-stores?geohash=gcr6pmnt52wh,,Elf bars,1.20
NN16 9QY,McAuley’s Deli,https://deliveroo.co.uk/menu/Kettering/kettering/mcauleys-deli?geohash=gcr6pmnt52wh,,EMPTY,1.30
NN16 9QY,N.Y.P.D. (New York Pizza Department),https://deliveroo.co.uk/menu/Kettering/ise-lodge/nypd-new-york-pizza-department?geohash=gcr6pmnt52wh,,EMPTY,1.70
NN16 9QY,JMD News Food & Wine,https://deliveroo.co.uk/menu/Kettering/ptychley/jmd-news-food-and-wine?geohash=gcr6pmnt52wh,,Pint Beer Cans,3.40
NN16 9QY,JMD News Food & Wine,https://deliveroo.co.uk/menu/Kettering/ptychley/jmd-news-food-and-wine?geohash=gcr6pmnt52wh,,440-500ml Beer Cans,3.40
NN16 9QY,JMD News Food & Wine,https://deliveroo.co.uk/menu/Kettering/ptychley/jmd-news-food-and-wine?geohash=gcr6pmnt52wh,,Large Bottled Beers,3.40
NN16 9QY,JMD News Food & Wine,https://deliveroo.co.uk/menu/Kettering/ptychley/jmd-news-food-and-wine?geohash=gcr6pmnt52wh,,"Imported US Sodas, Candies & Snacks",3.40
NN16 9QY,JMD News Food & Wine,https://deliveroo.co.uk/menu/Kettering/ptychley/jmd-news-food-and-wine?geohash=gcr6pmnt52wh,,Energy Drinks,3.40
NN16 9QY,JMD News Food & Wine,https://deliveroo.co.uk/menu/Kettering/ptychley/jmd-news-food-and-wine?geohash=gcr6pmnt52wh,,Soft Drink Small Bottles,3.40
NN16 9QY,JMD News Food & Wine,https://deliveroo.co.uk/menu/Kettering/ptychley/jmd-news-food-and-wine?geohash=gcr6pmnt52wh,,Soft Drink Cans,3.40
NN16 9QY,JMD News Food & Wine,https://deliveroo.co.uk/menu/Kettering/ptychley/jmd-news-food-and-wine?geohash=gcr6pmnt52wh,,Soft Drink Large Bottles,3.40
NN16 9QY,JMD News Food & Wine,https://deliveroo.co.uk/menu/Kettering/ptychley/jmd-news-food-and-wine?geohash=gcr6pmnt52wh,,Large Bottled Waters,3.40
NN16 9QY,JMD News Food & Wine,https://deliveroo.co.uk/menu/Kettering/ptychley/jmd-news-food-and-wine?geohash=gcr6pmnt52wh,,Milkshakes,3.40
NN16 9QY,JMD News Food & Wine,https://deliveroo.co.uk/menu/Kettering/ptychley/jmd-news-food-and-wine?geohash=gcr6pmnt52wh,,Bread & Milk,3.40
NN16 9QY,JMD News Food & Wine,https://deliveroo.co.uk/menu/Kettering/ptychley/jmd-news-food-and-wine?geohash=gcr6pmnt52wh,,Spirits & Liquors,3.40
NN16 9QY,JMD News Food & Wine,https://deliveroo.co.uk/menu/Kettering/ptychley/jmd-news-food-and-wine?geohash=gcr6pmnt52wh,,White Wines,3.40
NN16 9QY,JMD News Food & Wine,https://deliveroo.co.uk/menu/Kettering/ptychley/jmd-news-food-and-wine?geohash=gcr6pmnt52wh,,Rosé Wines,3.40
NN16 9QY,JMD News Food & Wine,https://deliveroo.co.uk/menu/Kettering/ptychley/jmd-news-food-and-wine?geohash=gcr6pmnt52wh,,Red Wines,3.40
NN16 9QY,JMD News Food & Wine,https://deliveroo.co.uk/menu/Kettering/ptychley/jmd-news-food-and-wine?geohash=gcr6pmnt52wh,,Sparkling Wines,3.40
NN16 9QY,JMD News Food & Wine,https://deliveroo.co.uk/menu/Kettering/ptychley/jmd-news-food-and-wine?geohash=gcr6pmnt52wh,,Bottled Ales,3.40
NN16 9QY,JMD News Food & Wine,https://deliveroo.co.uk/menu/Kettering/ptychley/jmd-news-food-and-wine?geohash=gcr6pmnt52wh,,Crisps,3.40
NN16 9QY,JMD News Food & Wine,https://deliveroo.co.uk/menu/Kettering/ptychley/jmd-news-food-and-wine?geohash=gcr6pmnt52wh,,Chocolate,3.40
NN16 9QY,JMD News Food & Wine,https://deliveroo.co.uk/menu/Kettering/ptychley/jmd-news-food-and-wine?geohash=gcr6pmnt52wh,,Cigarettes & Tobacco Products,3.40
NN16 9QY,JMD News Food & Wine,https://deliveroo.co.uk/menu/Kettering/ptychley/jmd-news-food-and-wine?geohash=gcr6pmnt52wh,,Vapes & E-Liquids,3.40
